<?xml version="1.0"?>
<doc>
    <assembly>
        <name>AWS.Tools.BackupGateway</name>
    </assembly>
    <members>
        <member name="T:Amazon.PowerShell.Cmdlets.BUGW.AddBUGWGatewayToServerCmdlet">
            <summary>
            Associates a backup gateway with your server. After you complete the association process,
            you can back up and restore your VMs through the gateway.
            </summary>
        </member>
        <member name="P:Amazon.PowerShell.Cmdlets.BUGW.AddBUGWGatewayToServerCmdlet.GatewayArn">
            <summary>
            <para>
            <para>The Amazon Resource Name (ARN) of the gateway. Use the <code>ListGateways</code> operation
            to return a list of gateways for your account and Amazon Web Services Region.</para>
            </para>
            </summary>
        </member>
        <member name="P:Amazon.PowerShell.Cmdlets.BUGW.AddBUGWGatewayToServerCmdlet.ServerArn">
            <summary>
            <para>
            <para>The Amazon Resource Name (ARN) of the server that hosts your virtual machines.</para>
            </para>
            </summary>
        </member>
        <member name="P:Amazon.PowerShell.Cmdlets.BUGW.AddBUGWGatewayToServerCmdlet.Select">
            <summary>
            Use the -Select parameter to control the cmdlet output. The default value is 'GatewayArn'.
            Specifying -Select '*' will result in the cmdlet returning the whole service response (Amazon.BackupGateway.Model.AssociateGatewayToServerResponse).
            Specifying the name of a property of type Amazon.BackupGateway.Model.AssociateGatewayToServerResponse will result in that property being returned.
            Specifying -Select '^ParameterName' will result in the cmdlet returning the selected cmdlet parameter value.
            </summary>
        </member>
        <member name="P:Amazon.PowerShell.Cmdlets.BUGW.AddBUGWGatewayToServerCmdlet.PassThru">
            <summary>
            Changes the cmdlet behavior to return the value passed to the GatewayArn parameter.
            The -PassThru parameter is deprecated, use -Select '^GatewayArn' instead. This parameter will be removed in a future version.
            </summary>
        </member>
        <member name="P:Amazon.PowerShell.Cmdlets.BUGW.AddBUGWGatewayToServerCmdlet.Force">
            <summary>
            This parameter overrides confirmation prompts to force 
            the cmdlet to continue its operation. This parameter should always
            be used with caution.
            </summary>
        </member>
        <member name="T:Amazon.PowerShell.Cmdlets.BUGW.AddBUGWResourceTagCmdlet">
            <summary>
            Tag the resource.
            </summary>
        </member>
        <member name="P:Amazon.PowerShell.Cmdlets.BUGW.AddBUGWResourceTagCmdlet.ResourceARN">
            <summary>
            <para>
            <para>The Amazon Resource Name (ARN) of the resource to tag.</para>
            </para>
            </summary>
        </member>
        <member name="P:Amazon.PowerShell.Cmdlets.BUGW.AddBUGWResourceTagCmdlet.Tag">
            <summary>
            <para>
            <para>A list of tags to assign to the resource.</para>
            </para>
            </summary>
        </member>
        <member name="P:Amazon.PowerShell.Cmdlets.BUGW.AddBUGWResourceTagCmdlet.Select">
            <summary>
            Use the -Select parameter to control the cmdlet output. The default value is 'ResourceARN'.
            Specifying -Select '*' will result in the cmdlet returning the whole service response (Amazon.BackupGateway.Model.TagResourceResponse).
            Specifying the name of a property of type Amazon.BackupGateway.Model.TagResourceResponse will result in that property being returned.
            Specifying -Select '^ParameterName' will result in the cmdlet returning the selected cmdlet parameter value.
            </summary>
        </member>
        <member name="P:Amazon.PowerShell.Cmdlets.BUGW.AddBUGWResourceTagCmdlet.PassThru">
            <summary>
            Changes the cmdlet behavior to return the value passed to the ResourceARN parameter.
            The -PassThru parameter is deprecated, use -Select '^ResourceARN' instead. This parameter will be removed in a future version.
            </summary>
        </member>
        <member name="P:Amazon.PowerShell.Cmdlets.BUGW.AddBUGWResourceTagCmdlet.Force">
            <summary>
            This parameter overrides confirmation prompts to force 
            the cmdlet to continue its operation. This parameter should always
            be used with caution.
            </summary>
        </member>
        <member name="T:Amazon.PowerShell.Cmdlets.BUGW.GetBUGWGatewayListCmdlet">
            <summary>
            Lists backup gateways owned by an Amazon Web Services account in an Amazon Web Services
            Region. The returned list is ordered by gateway Amazon Resource Name (ARN).
            </summary>
        </member>
        <member name="P:Amazon.PowerShell.Cmdlets.BUGW.GetBUGWGatewayListCmdlet.MaxResult">
            <summary>
            <para>
            <para>The maximum number of gateways to list.</para>
            </para>
            </summary>
        </member>
        <member name="P:Amazon.PowerShell.Cmdlets.BUGW.GetBUGWGatewayListCmdlet.NextToken">
            <summary>
            <para>
            <para>The next item following a partial list of returned resources. For example, if a request
            is made to return <code>MaxResults</code> number of resources, <code>NextToken</code>
            allows you to return more items in your list starting at the location pointed to by
            the next token.</para>
            </para>
            </summary>
        </member>
        <member name="P:Amazon.PowerShell.Cmdlets.BUGW.GetBUGWGatewayListCmdlet.Select">
            <summary>
            Use the -Select parameter to control the cmdlet output. The default value is 'Gateways'.
            Specifying -Select '*' will result in the cmdlet returning the whole service response (Amazon.BackupGateway.Model.ListGatewaysResponse).
            Specifying the name of a property of type Amazon.BackupGateway.Model.ListGatewaysResponse will result in that property being returned.
            Specifying -Select '^ParameterName' will result in the cmdlet returning the selected cmdlet parameter value.
            </summary>
        </member>
        <member name="T:Amazon.PowerShell.Cmdlets.BUGW.GetBUGWHypervisorListCmdlet">
            <summary>
            Lists your hypervisors.
            </summary>
        </member>
        <member name="P:Amazon.PowerShell.Cmdlets.BUGW.GetBUGWHypervisorListCmdlet.MaxResult">
            <summary>
            <para>
            <para>The maximum number of hypervisors to list.</para>
            </para>
            </summary>
        </member>
        <member name="P:Amazon.PowerShell.Cmdlets.BUGW.GetBUGWHypervisorListCmdlet.NextToken">
            <summary>
            <para>
            <para>The next item following a partial list of returned resources. For example, if a request
            is made to return <code>maxResults</code> number of resources, <code>NextToken</code>
            allows you to return more items in your list starting at the location pointed to by
            the next token.</para>
            </para>
            </summary>
        </member>
        <member name="P:Amazon.PowerShell.Cmdlets.BUGW.GetBUGWHypervisorListCmdlet.Select">
            <summary>
            Use the -Select parameter to control the cmdlet output. The default value is 'Hypervisors'.
            Specifying -Select '*' will result in the cmdlet returning the whole service response (Amazon.BackupGateway.Model.ListHypervisorsResponse).
            Specifying the name of a property of type Amazon.BackupGateway.Model.ListHypervisorsResponse will result in that property being returned.
            Specifying -Select '^ParameterName' will result in the cmdlet returning the selected cmdlet parameter value.
            </summary>
        </member>
        <member name="T:Amazon.PowerShell.Cmdlets.BUGW.GetBUGWResourceTagCmdlet">
            <summary>
            Lists the tags applied to the resource identified by its Amazon Resource Name (ARN).
            </summary>
        </member>
        <member name="P:Amazon.PowerShell.Cmdlets.BUGW.GetBUGWResourceTagCmdlet.ResourceArn">
            <summary>
            <para>
            <para>The Amazon Resource Name (ARN) of the resource's tags to list.</para>
            </para>
            </summary>
        </member>
        <member name="P:Amazon.PowerShell.Cmdlets.BUGW.GetBUGWResourceTagCmdlet.Select">
            <summary>
            Use the -Select parameter to control the cmdlet output. The default value is '*'.
            Specifying -Select '*' will result in the cmdlet returning the whole service response (Amazon.BackupGateway.Model.ListTagsForResourceResponse).
            Specifying the name of a property of type Amazon.BackupGateway.Model.ListTagsForResourceResponse will result in that property being returned.
            Specifying -Select '^ParameterName' will result in the cmdlet returning the selected cmdlet parameter value.
            </summary>
        </member>
        <member name="P:Amazon.PowerShell.Cmdlets.BUGW.GetBUGWResourceTagCmdlet.PassThru">
            <summary>
            Changes the cmdlet behavior to return the value passed to the ResourceArn parameter.
            The -PassThru parameter is deprecated, use -Select '^ResourceArn' instead. This parameter will be removed in a future version.
            </summary>
        </member>
        <member name="T:Amazon.PowerShell.Cmdlets.BUGW.GetBUGWVirtualMachineListCmdlet">
            <summary>
            Lists your virtual machines.
            </summary>
        </member>
        <member name="P:Amazon.PowerShell.Cmdlets.BUGW.GetBUGWVirtualMachineListCmdlet.MaxResult">
            <summary>
            <para>
            <para>The maximum number of virtual machines to list.</para>
            </para>
            </summary>
        </member>
        <member name="P:Amazon.PowerShell.Cmdlets.BUGW.GetBUGWVirtualMachineListCmdlet.NextToken">
            <summary>
            <para>
            <para>The next item following a partial list of returned resources. For example, if a request
            is made to return <code>maxResults</code> number of resources, <code>NextToken</code>
            allows you to return more items in your list starting at the location pointed to by
            the next token.</para>
            </para>
            </summary>
        </member>
        <member name="P:Amazon.PowerShell.Cmdlets.BUGW.GetBUGWVirtualMachineListCmdlet.Select">
            <summary>
            Use the -Select parameter to control the cmdlet output. The default value is 'VirtualMachines'.
            Specifying -Select '*' will result in the cmdlet returning the whole service response (Amazon.BackupGateway.Model.ListVirtualMachinesResponse).
            Specifying the name of a property of type Amazon.BackupGateway.Model.ListVirtualMachinesResponse will result in that property being returned.
            Specifying -Select '^ParameterName' will result in the cmdlet returning the selected cmdlet parameter value.
            </summary>
        </member>
        <member name="T:Amazon.PowerShell.Cmdlets.BUGW.ImportBUGWHypervisorConfigurationCmdlet">
            <summary>
            Connect to a hypervisor by importing its configuration.
            </summary>
        </member>
        <member name="P:Amazon.PowerShell.Cmdlets.BUGW.ImportBUGWHypervisorConfigurationCmdlet.HypervisorHost">
            <summary>
            <para>
            <para>The server host of the hypervisor. This can be either an IP address or a fully-qualified
            domain name (FQDN).</para>
            </para>
            </summary>
        </member>
        <member name="P:Amazon.PowerShell.Cmdlets.BUGW.ImportBUGWHypervisorConfigurationCmdlet.KmsKeyArn">
            <summary>
            <para>
            <para>The Key Management Service for the hypervisor.</para>
            </para>
            </summary>
        </member>
        <member name="P:Amazon.PowerShell.Cmdlets.BUGW.ImportBUGWHypervisorConfigurationCmdlet.Name">
            <summary>
            <para>
            <para>The name of the hypervisor.</para>
            </para>
            </summary>
        </member>
        <member name="P:Amazon.PowerShell.Cmdlets.BUGW.ImportBUGWHypervisorConfigurationCmdlet.Password">
            <summary>
            <para>
            <para>The password for the hypervisor.</para>
            </para>
            </summary>
        </member>
        <member name="P:Amazon.PowerShell.Cmdlets.BUGW.ImportBUGWHypervisorConfigurationCmdlet.Tag">
            <summary>
            <para>
            <para>The tags of the hypervisor configuration to import.</para>
            </para>
            </summary>
        </member>
        <member name="P:Amazon.PowerShell.Cmdlets.BUGW.ImportBUGWHypervisorConfigurationCmdlet.Username">
            <summary>
            <para>
            <para>The username for the hypervisor.</para>
            </para>
            </summary>
        </member>
        <member name="P:Amazon.PowerShell.Cmdlets.BUGW.ImportBUGWHypervisorConfigurationCmdlet.Select">
            <summary>
            Use the -Select parameter to control the cmdlet output. The default value is 'HypervisorArn'.
            Specifying -Select '*' will result in the cmdlet returning the whole service response (Amazon.BackupGateway.Model.ImportHypervisorConfigurationResponse).
            Specifying the name of a property of type Amazon.BackupGateway.Model.ImportHypervisorConfigurationResponse will result in that property being returned.
            Specifying -Select '^ParameterName' will result in the cmdlet returning the selected cmdlet parameter value.
            </summary>
        </member>
        <member name="P:Amazon.PowerShell.Cmdlets.BUGW.ImportBUGWHypervisorConfigurationCmdlet.Force">
            <summary>
            This parameter overrides confirmation prompts to force 
            the cmdlet to continue its operation. This parameter should always
            be used with caution.
            </summary>
        </member>
        <member name="T:Amazon.PowerShell.Cmdlets.BUGW.NewBUGWGatewayCmdlet">
            <summary>
            Creates a backup gateway. After you create a gateway, you can associate it with a
            server using the <code>AssociateGatewayToServer</code> operation.
            </summary>
        </member>
        <member name="P:Amazon.PowerShell.Cmdlets.BUGW.NewBUGWGatewayCmdlet.ActivationKey">
            <summary>
            <para>
            <para>The activation key of the created gateway.</para>
            </para>
            </summary>
        </member>
        <member name="P:Amazon.PowerShell.Cmdlets.BUGW.NewBUGWGatewayCmdlet.GatewayDisplayName">
            <summary>
            <para>
            <para>The display name of the created gateway.</para>
            </para>
            </summary>
        </member>
        <member name="P:Amazon.PowerShell.Cmdlets.BUGW.NewBUGWGatewayCmdlet.GatewayType">
            <summary>
            <para>
            <para>The type of created gateway.</para>
            </para>
            </summary>
        </member>
        <member name="P:Amazon.PowerShell.Cmdlets.BUGW.NewBUGWGatewayCmdlet.Tag">
            <summary>
            <para>
            <para>A list of up to 50 tags to assign to the gateway. Each tag is a key-value pair.</para>
            </para>
            </summary>
        </member>
        <member name="P:Amazon.PowerShell.Cmdlets.BUGW.NewBUGWGatewayCmdlet.Select">
            <summary>
            Use the -Select parameter to control the cmdlet output. The default value is 'GatewayArn'.
            Specifying -Select '*' will result in the cmdlet returning the whole service response (Amazon.BackupGateway.Model.CreateGatewayResponse).
            Specifying the name of a property of type Amazon.BackupGateway.Model.CreateGatewayResponse will result in that property being returned.
            Specifying -Select '^ParameterName' will result in the cmdlet returning the selected cmdlet parameter value.
            </summary>
        </member>
        <member name="P:Amazon.PowerShell.Cmdlets.BUGW.NewBUGWGatewayCmdlet.Force">
            <summary>
            This parameter overrides confirmation prompts to force 
            the cmdlet to continue its operation. This parameter should always
            be used with caution.
            </summary>
        </member>
        <member name="T:Amazon.PowerShell.Cmdlets.BUGW.RemoveBUGWGatewayCmdlet">
            <summary>
            Deletes a backup gateway.
            </summary>
        </member>
        <member name="P:Amazon.PowerShell.Cmdlets.BUGW.RemoveBUGWGatewayCmdlet.GatewayArn">
            <summary>
            <para>
            <para>The Amazon Resource Name (ARN) of the gateway to delete.</para>
            </para>
            </summary>
        </member>
        <member name="P:Amazon.PowerShell.Cmdlets.BUGW.RemoveBUGWGatewayCmdlet.Select">
            <summary>
            Use the -Select parameter to control the cmdlet output. The default value is 'GatewayArn'.
            Specifying -Select '*' will result in the cmdlet returning the whole service response (Amazon.BackupGateway.Model.DeleteGatewayResponse).
            Specifying the name of a property of type Amazon.BackupGateway.Model.DeleteGatewayResponse will result in that property being returned.
            Specifying -Select '^ParameterName' will result in the cmdlet returning the selected cmdlet parameter value.
            </summary>
        </member>
        <member name="P:Amazon.PowerShell.Cmdlets.BUGW.RemoveBUGWGatewayCmdlet.PassThru">
            <summary>
            Changes the cmdlet behavior to return the value passed to the GatewayArn parameter.
            The -PassThru parameter is deprecated, use -Select '^GatewayArn' instead. This parameter will be removed in a future version.
            </summary>
        </member>
        <member name="P:Amazon.PowerShell.Cmdlets.BUGW.RemoveBUGWGatewayCmdlet.Force">
            <summary>
            This parameter overrides confirmation prompts to force 
            the cmdlet to continue its operation. This parameter should always
            be used with caution.
            </summary>
        </member>
        <member name="T:Amazon.PowerShell.Cmdlets.BUGW.RemoveBUGWGatewayFromServerCmdlet">
            <summary>
            Disassociates a backup gateway from the specified server. After the disassociation
            process finishes, the gateway can no longer access the virtual machines on the server.
            </summary>
        </member>
        <member name="P:Amazon.PowerShell.Cmdlets.BUGW.RemoveBUGWGatewayFromServerCmdlet.GatewayArn">
            <summary>
            <para>
            <para>The Amazon Resource Name (ARN) of the gateway to disassociate.</para>
            </para>
            </summary>
        </member>
        <member name="P:Amazon.PowerShell.Cmdlets.BUGW.RemoveBUGWGatewayFromServerCmdlet.Select">
            <summary>
            Use the -Select parameter to control the cmdlet output. The default value is 'GatewayArn'.
            Specifying -Select '*' will result in the cmdlet returning the whole service response (Amazon.BackupGateway.Model.DisassociateGatewayFromServerResponse).
            Specifying the name of a property of type Amazon.BackupGateway.Model.DisassociateGatewayFromServerResponse will result in that property being returned.
            Specifying -Select '^ParameterName' will result in the cmdlet returning the selected cmdlet parameter value.
            </summary>
        </member>
        <member name="P:Amazon.PowerShell.Cmdlets.BUGW.RemoveBUGWGatewayFromServerCmdlet.PassThru">
            <summary>
            Changes the cmdlet behavior to return the value passed to the GatewayArn parameter.
            The -PassThru parameter is deprecated, use -Select '^GatewayArn' instead. This parameter will be removed in a future version.
            </summary>
        </member>
        <member name="P:Amazon.PowerShell.Cmdlets.BUGW.RemoveBUGWGatewayFromServerCmdlet.Force">
            <summary>
            This parameter overrides confirmation prompts to force 
            the cmdlet to continue its operation. This parameter should always
            be used with caution.
            </summary>
        </member>
        <member name="T:Amazon.PowerShell.Cmdlets.BUGW.RemoveBUGWHypervisorCmdlet">
            <summary>
            Deletes a hypervisor.
            </summary>
        </member>
        <member name="P:Amazon.PowerShell.Cmdlets.BUGW.RemoveBUGWHypervisorCmdlet.HypervisorArn">
            <summary>
            <para>
            <para>The Amazon Resource Name (ARN) of the hypervisor to delete.</para>
            </para>
            </summary>
        </member>
        <member name="P:Amazon.PowerShell.Cmdlets.BUGW.RemoveBUGWHypervisorCmdlet.Select">
            <summary>
            Use the -Select parameter to control the cmdlet output. The default value is 'HypervisorArn'.
            Specifying -Select '*' will result in the cmdlet returning the whole service response (Amazon.BackupGateway.Model.DeleteHypervisorResponse).
            Specifying the name of a property of type Amazon.BackupGateway.Model.DeleteHypervisorResponse will result in that property being returned.
            Specifying -Select '^ParameterName' will result in the cmdlet returning the selected cmdlet parameter value.
            </summary>
        </member>
        <member name="P:Amazon.PowerShell.Cmdlets.BUGW.RemoveBUGWHypervisorCmdlet.PassThru">
            <summary>
            Changes the cmdlet behavior to return the value passed to the HypervisorArn parameter.
            The -PassThru parameter is deprecated, use -Select '^HypervisorArn' instead. This parameter will be removed in a future version.
            </summary>
        </member>
        <member name="P:Amazon.PowerShell.Cmdlets.BUGW.RemoveBUGWHypervisorCmdlet.Force">
            <summary>
            This parameter overrides confirmation prompts to force 
            the cmdlet to continue its operation. This parameter should always
            be used with caution.
            </summary>
        </member>
        <member name="T:Amazon.PowerShell.Cmdlets.BUGW.RemoveBUGWResourceTagCmdlet">
            <summary>
            Removes tags from the resource.
            </summary>
        </member>
        <member name="P:Amazon.PowerShell.Cmdlets.BUGW.RemoveBUGWResourceTagCmdlet.ResourceARN">
            <summary>
            <para>
            <para>The Amazon Resource Name (ARN) of the resource from which to remove tags.</para>
            </para>
            </summary>
        </member>
        <member name="P:Amazon.PowerShell.Cmdlets.BUGW.RemoveBUGWResourceTagCmdlet.TagKey">
            <summary>
            <para>
            <para>The list of tag keys specifying which tags to remove.</para>
            </para>
            </summary>
        </member>
        <member name="P:Amazon.PowerShell.Cmdlets.BUGW.RemoveBUGWResourceTagCmdlet.Select">
            <summary>
            Use the -Select parameter to control the cmdlet output. The default value is 'ResourceARN'.
            Specifying -Select '*' will result in the cmdlet returning the whole service response (Amazon.BackupGateway.Model.UntagResourceResponse).
            Specifying the name of a property of type Amazon.BackupGateway.Model.UntagResourceResponse will result in that property being returned.
            Specifying -Select '^ParameterName' will result in the cmdlet returning the selected cmdlet parameter value.
            </summary>
        </member>
        <member name="P:Amazon.PowerShell.Cmdlets.BUGW.RemoveBUGWResourceTagCmdlet.PassThru">
            <summary>
            Changes the cmdlet behavior to return the value passed to the ResourceARN parameter.
            The -PassThru parameter is deprecated, use -Select '^ResourceARN' instead. This parameter will be removed in a future version.
            </summary>
        </member>
        <member name="P:Amazon.PowerShell.Cmdlets.BUGW.RemoveBUGWResourceTagCmdlet.Force">
            <summary>
            This parameter overrides confirmation prompts to force 
            the cmdlet to continue its operation. This parameter should always
            be used with caution.
            </summary>
        </member>
        <member name="T:Amazon.PowerShell.Cmdlets.BUGW.TestBUGWHypervisorConfigurationCmdlet">
            <summary>
            Tests your hypervisor configuration to validate that backup gateway can connect with
            the hypervisor and its resources.
            </summary>
        </member>
        <member name="P:Amazon.PowerShell.Cmdlets.BUGW.TestBUGWHypervisorConfigurationCmdlet.GatewayArn">
            <summary>
            <para>
            <para>The Amazon Resource Name (ARN) of the gateway to the hypervisor to test.</para>
            </para>
            </summary>
        </member>
        <member name="P:Amazon.PowerShell.Cmdlets.BUGW.TestBUGWHypervisorConfigurationCmdlet.HypervisorHost">
            <summary>
            <para>
            <para>The server host of the hypervisor. This can be either an IP address or a fully-qualified
            domain name (FQDN).</para>
            </para>
            </summary>
        </member>
        <member name="P:Amazon.PowerShell.Cmdlets.BUGW.TestBUGWHypervisorConfigurationCmdlet.Password">
            <summary>
            <para>
            <para>The password for the hypervisor.</para>
            </para>
            </summary>
        </member>
        <member name="P:Amazon.PowerShell.Cmdlets.BUGW.TestBUGWHypervisorConfigurationCmdlet.Username">
            <summary>
            <para>
            <para>The username for the hypervisor.</para>
            </para>
            </summary>
        </member>
        <member name="P:Amazon.PowerShell.Cmdlets.BUGW.TestBUGWHypervisorConfigurationCmdlet.Select">
            <summary>
            Use the -Select parameter to control the cmdlet output. The cmdlet doesn't have a return value by default.
            Specifying -Select '*' will result in the cmdlet returning the whole service response (Amazon.BackupGateway.Model.TestHypervisorConfigurationResponse).
            Specifying -Select '^ParameterName' will result in the cmdlet returning the selected cmdlet parameter value.
            </summary>
        </member>
        <member name="T:Amazon.PowerShell.Cmdlets.BUGW.UpdateBUGWGatewayInformationCmdlet">
            <summary>
            Updates a gateway's name. Specify which gateway to update using the Amazon Resource
            Name (ARN) of the gateway in your request.
            </summary>
        </member>
        <member name="P:Amazon.PowerShell.Cmdlets.BUGW.UpdateBUGWGatewayInformationCmdlet.GatewayArn">
            <summary>
            <para>
            <para>The Amazon Resource Name (ARN) of the gateway to update.</para>
            </para>
            </summary>
        </member>
        <member name="P:Amazon.PowerShell.Cmdlets.BUGW.UpdateBUGWGatewayInformationCmdlet.GatewayDisplayName">
            <summary>
            <para>
            <para>The updated display name of the gateway.</para>
            </para>
            </summary>
        </member>
        <member name="P:Amazon.PowerShell.Cmdlets.BUGW.UpdateBUGWGatewayInformationCmdlet.Select">
            <summary>
            Use the -Select parameter to control the cmdlet output. The default value is 'GatewayArn'.
            Specifying -Select '*' will result in the cmdlet returning the whole service response (Amazon.BackupGateway.Model.UpdateGatewayInformationResponse).
            Specifying the name of a property of type Amazon.BackupGateway.Model.UpdateGatewayInformationResponse will result in that property being returned.
            Specifying -Select '^ParameterName' will result in the cmdlet returning the selected cmdlet parameter value.
            </summary>
        </member>
        <member name="P:Amazon.PowerShell.Cmdlets.BUGW.UpdateBUGWGatewayInformationCmdlet.PassThru">
            <summary>
            Changes the cmdlet behavior to return the value passed to the GatewayArn parameter.
            The -PassThru parameter is deprecated, use -Select '^GatewayArn' instead. This parameter will be removed in a future version.
            </summary>
        </member>
        <member name="P:Amazon.PowerShell.Cmdlets.BUGW.UpdateBUGWGatewayInformationCmdlet.Force">
            <summary>
            This parameter overrides confirmation prompts to force 
            the cmdlet to continue its operation. This parameter should always
            be used with caution.
            </summary>
        </member>
        <member name="T:Amazon.PowerShell.Cmdlets.BUGW.UpdateBUGWHypervisorCmdlet">
            <summary>
            Updates a hypervisor metadata, including its host, username, and password. Specify
            which hypervisor to update using the Amazon Resource Name (ARN) of the hypervisor
            in your request.
            </summary>
        </member>
        <member name="P:Amazon.PowerShell.Cmdlets.BUGW.UpdateBUGWHypervisorCmdlet.HypervisorHost">
            <summary>
            <para>
            <para>The updated host of the hypervisor. This can be either an IP address or a fully-qualified
            domain name (FQDN).</para>
            </para>
            </summary>
        </member>
        <member name="P:Amazon.PowerShell.Cmdlets.BUGW.UpdateBUGWHypervisorCmdlet.HypervisorArn">
            <summary>
            <para>
            <para>The Amazon Resource Name (ARN) of the hypervisor to update.</para>
            </para>
            </summary>
        </member>
        <member name="P:Amazon.PowerShell.Cmdlets.BUGW.UpdateBUGWHypervisorCmdlet.Password">
            <summary>
            <para>
            <para>The updated password for the hypervisor.</para>
            </para>
            </summary>
        </member>
        <member name="P:Amazon.PowerShell.Cmdlets.BUGW.UpdateBUGWHypervisorCmdlet.Username">
            <summary>
            <para>
            <para>The updated username for the hypervisor.</para>
            </para>
            </summary>
        </member>
        <member name="P:Amazon.PowerShell.Cmdlets.BUGW.UpdateBUGWHypervisorCmdlet.Select">
            <summary>
            Use the -Select parameter to control the cmdlet output. The default value is 'HypervisorArn'.
            Specifying -Select '*' will result in the cmdlet returning the whole service response (Amazon.BackupGateway.Model.UpdateHypervisorResponse).
            Specifying the name of a property of type Amazon.BackupGateway.Model.UpdateHypervisorResponse will result in that property being returned.
            Specifying -Select '^ParameterName' will result in the cmdlet returning the selected cmdlet parameter value.
            </summary>
        </member>
        <member name="P:Amazon.PowerShell.Cmdlets.BUGW.UpdateBUGWHypervisorCmdlet.PassThru">
            <summary>
            Changes the cmdlet behavior to return the value passed to the HypervisorArn parameter.
            The -PassThru parameter is deprecated, use -Select '^HypervisorArn' instead. This parameter will be removed in a future version.
            </summary>
        </member>
        <member name="P:Amazon.PowerShell.Cmdlets.BUGW.UpdateBUGWHypervisorCmdlet.Force">
            <summary>
            This parameter overrides confirmation prompts to force 
            the cmdlet to continue its operation. This parameter should always
            be used with caution.
            </summary>
        </member>
        <member name="T:Amazon.PowerShell.Cmdlets.BUGW.WriteBUGWMaintenanceStartTimeCmdlet">
            <summary>
            Set the maintenance start time for a gateway.
            </summary>
        </member>
        <member name="P:Amazon.PowerShell.Cmdlets.BUGW.WriteBUGWMaintenanceStartTimeCmdlet.DayOfMonth">
            <summary>
            <para>
            <para>The day of the month start maintenance on a gateway.</para><para>Valid values range from <code>Sunday</code> to <code>Saturday</code>.</para>
            </para>
            </summary>
        </member>
        <member name="P:Amazon.PowerShell.Cmdlets.BUGW.WriteBUGWMaintenanceStartTimeCmdlet.DayOfWeek">
            <summary>
            <para>
            <para>The day of the week to start maintenance on a gateway.</para>
            </para>
            </summary>
        </member>
        <member name="P:Amazon.PowerShell.Cmdlets.BUGW.WriteBUGWMaintenanceStartTimeCmdlet.GatewayArn">
            <summary>
            <para>
            <para>The Amazon Resource Name (ARN) for the gateway, used to specify its maintenance start
            time.</para>
            </para>
            </summary>
        </member>
        <member name="P:Amazon.PowerShell.Cmdlets.BUGW.WriteBUGWMaintenanceStartTimeCmdlet.HourOfDay">
            <summary>
            <para>
            <para>The hour of the day to start maintenance on a gateway.</para>
            </para>
            </summary>
        </member>
        <member name="P:Amazon.PowerShell.Cmdlets.BUGW.WriteBUGWMaintenanceStartTimeCmdlet.MinuteOfHour">
            <summary>
            <para>
            <para>The minute of the hour to start maintenance on a gateway.</para>
            </para>
            </summary>
        </member>
        <member name="P:Amazon.PowerShell.Cmdlets.BUGW.WriteBUGWMaintenanceStartTimeCmdlet.Select">
            <summary>
            Use the -Select parameter to control the cmdlet output. The default value is 'GatewayArn'.
            Specifying -Select '*' will result in the cmdlet returning the whole service response (Amazon.BackupGateway.Model.PutMaintenanceStartTimeResponse).
            Specifying the name of a property of type Amazon.BackupGateway.Model.PutMaintenanceStartTimeResponse will result in that property being returned.
            Specifying -Select '^ParameterName' will result in the cmdlet returning the selected cmdlet parameter value.
            </summary>
        </member>
        <member name="P:Amazon.PowerShell.Cmdlets.BUGW.WriteBUGWMaintenanceStartTimeCmdlet.PassThru">
            <summary>
            Changes the cmdlet behavior to return the value passed to the GatewayArn parameter.
            The -PassThru parameter is deprecated, use -Select '^GatewayArn' instead. This parameter will be removed in a future version.
            </summary>
        </member>
        <member name="P:Amazon.PowerShell.Cmdlets.BUGW.WriteBUGWMaintenanceStartTimeCmdlet.Force">
            <summary>
            This parameter overrides confirmation prompts to force 
            the cmdlet to continue its operation. This parameter should always
            be used with caution.
            </summary>
        </member>
    </members>
</doc>
