﻿<helpItems schema="maml"><command xmlns:maml="http://schemas.microsoft.com/maml/2004/10" xmlns:command="http://schemas.microsoft.com/maml/dev/command/2004/10" xmlns:dev="http://schemas.microsoft.com/maml/dev/2004/10"><details><name>Send-EC2ICSSHPublicKey</name><description><para>Calls the AWS EC2 Instance Connect SendSSHPublicKey API operation.</para></description><verb>Send</verb><noun>EC2ICSSHPublicKey</noun><copyright><para>&amp;copy; Copyright 2012 - 2022 Amazon.com, Inc.or its affiliates.All Rights Reserved.</para></copyright></details><description><para>Pushes an SSH public key to the specified EC2 instance for use by the specified user. The key remains for 60 seconds. For more information, see <a href="https://docs.aws.amazon.com/AWSEC2/latest/UserGuide/Connect-using-EC2-Instance-Connect.html">Connect to your Linux instance using EC2 Instance Connect</a> in the <i>Amazon EC2 User Guide</i>. </para></description><syntax><syntaxItem><name>Send-EC2ICSSHPublicKey</name><parameter required="True" variableLength="false" globbing="false" pipelineInput="True (ByValue, ByPropertyName)" position="1"><name>InstanceId</name><description><para>The ID of the EC2 instance. </para></description><parameterValue required="true" variableLength="false">System.String</parameterValue></parameter><parameter required="False" variableLength="false" globbing="false" pipelineInput="True (ByPropertyName)" position="Named"><name>AvailabilityZone</name><description><para>The Availability Zone in which the EC2 instance was launched. </para></description><parameterValue required="true" variableLength="false">System.String</parameterValue></parameter><parameter required="True" variableLength="false" globbing="false" pipelineInput="True (ByPropertyName)" position="Named"><name>InstanceOSUser</name><description><para>The OS user on the EC2 instance for whom the key can be used to authenticate. </para></description><parameterValue required="true" variableLength="false">System.String</parameterValue></parameter><parameter required="True" variableLength="false" globbing="false" pipelineInput="True (ByPropertyName)" position="Named"><name>SSHPublicKey</name><description><para>The public key material. To use the public key, you must have the matching private key. </para></description><parameterValue required="true" variableLength="false">System.String</parameterValue></parameter><parameter required="False" variableLength="false" globbing="false" pipelineInput="True (ByPropertyName)" position="Named"><name>Select</name><description><para>Use the -Select parameter to control the cmdlet output. The default value is &#39;Success&#39;. Specifying -Select &#39;*&#39; will result in the cmdlet returning the whole service response (Amazon.EC2InstanceConnect.Model.SendSSHPublicKeyResponse). Specifying the name of a property of type Amazon.EC2InstanceConnect.Model.SendSSHPublicKeyResponse will result in that property being returned. Specifying -Select &#39;^ParameterName&#39; will result in the cmdlet returning the selected cmdlet parameter value. </para></description><parameterValue required="true" variableLength="false">System.String</parameterValue></parameter><parameter required="False" variableLength="false" globbing="false" pipelineInput="True (ByPropertyName)" position="Named"><name>PassThru</name><description><para>Changes the cmdlet behavior to return the value passed to the InstanceId parameter. The -PassThru parameter is deprecated, use -Select &#39;^InstanceId&#39; instead. This parameter will be removed in a future version. </para></description><parameterValue required="true" variableLength="false">System.Management.Automation.SwitchParameter</parameterValue></parameter><parameter required="False" variableLength="false" globbing="false" pipelineInput="True (ByPropertyName)" position="Named"><name>Force</name><description><para>This parameter overrides confirmation prompts to force  the cmdlet to continue its operation. This parameter should always be used with caution. </para></description><parameterValue required="true" variableLength="false">System.Management.Automation.SwitchParameter</parameterValue></parameter><parameter required="False" variableLength="false" globbing="false" pipelineInput="True (ByPropertyName)" position="Named"><name>EndpointUrl</name><description><para>Amazon.PowerShell.Common.ServiceCmdlet.EndpointUrl </para></description><parameterValue required="true" variableLength="false">System.String</parameterValue></parameter><parameter required="False" variableLength="false" globbing="false" pipelineInput="True (ByPropertyName)" position="Named"><name>Region</name><description><para>Amazon.PowerShell.Common.AWSCommonArgumentsCmdlet.Region </para></description><parameterValue required="true" variableLength="false">System.Object</parameterValue></parameter><parameter required="False" variableLength="false" globbing="false" pipelineInput="True (ByPropertyName)" position="Named"><name>AccessKey</name><description><para>Amazon.PowerShell.Common.AWSCommonArgumentsCmdlet.AccessKey </para></description><parameterValue required="true" variableLength="false">System.String</parameterValue></parameter><parameter required="False" variableLength="false" globbing="false" pipelineInput="True (ByPropertyName)" position="Named"><name>SecretKey</name><description><para>Amazon.PowerShell.Common.AWSCommonArgumentsCmdlet.SecretKey </para></description><parameterValue required="true" variableLength="false">System.String</parameterValue></parameter><parameter required="False" variableLength="false" globbing="false" pipelineInput="True (ByPropertyName)" position="Named"><name>SessionToken</name><description><para>Amazon.PowerShell.Common.AWSCommonArgumentsCmdlet.SessionToken </para></description><parameterValue required="true" variableLength="false">System.String</parameterValue></parameter><parameter required="False" variableLength="false" globbing="false" pipelineInput="True (ByPropertyName)" position="Named"><name>ProfileName</name><description><para>Amazon.PowerShell.Common.AWSCommonArgumentsCmdlet.ProfileName </para></description><parameterValue required="true" variableLength="false">System.String</parameterValue></parameter><parameter required="False" variableLength="false" globbing="false" pipelineInput="True (ByPropertyName)" position="Named"><name>ProfileLocation</name><description><para>Amazon.PowerShell.Common.AWSCommonArgumentsCmdlet.ProfileLocation </para></description><parameterValue required="true" variableLength="false">System.String</parameterValue></parameter><parameter required="False" variableLength="false" globbing="false" pipelineInput="True (ByValue, ByPropertyName)" position="Named"><name>Credential</name><description><para>Amazon.PowerShell.Common.AWSCommonArgumentsCmdlet.Credential </para></description><parameterValue required="true" variableLength="false">Amazon.Runtime.AWSCredentials</parameterValue></parameter><parameter required="False" variableLength="false" globbing="false" pipelineInput="True (ByValue, ByPropertyName)" position="Named"><name>NetworkCredential</name><description><para>Amazon.PowerShell.Common.AWSCommonArgumentsCmdlet.NetworkCredential </para></description><parameterValue required="true" variableLength="false">System.Management.Automation.PSCredential</parameterValue></parameter></syntaxItem></syntax><parameters><parameter required="False" variableLength="false" globbing="false" pipelineInput="True (ByPropertyName)" position="Named"><name>AccessKey</name><description><para>Amazon.PowerShell.Common.AWSCommonArgumentsCmdlet.AccessKey </para></description><parameterValue required="true" variableLength="false">System.String</parameterValue><type><name>System.String</name><uri /></type><defaultValue>None</defaultValue></parameter><parameter required="False" variableLength="false" globbing="false" pipelineInput="True (ByPropertyName)" position="Named"><name>AvailabilityZone</name><description><para>The Availability Zone in which the EC2 instance was launched. </para></description><parameterValue required="true" variableLength="false">System.String</parameterValue><type><name>System.String</name><uri /></type><defaultValue>None</defaultValue></parameter><parameter required="False" variableLength="false" globbing="false" pipelineInput="True (ByValue, ByPropertyName)" position="Named"><name>Credential</name><description><para>Amazon.PowerShell.Common.AWSCommonArgumentsCmdlet.Credential </para></description><parameterValue required="true" variableLength="false">Amazon.Runtime.AWSCredentials</parameterValue><type><name>Amazon.Runtime.AWSCredentials</name><uri /></type><defaultValue>None</defaultValue></parameter><parameter required="False" variableLength="false" globbing="false" pipelineInput="True (ByPropertyName)" position="Named"><name>EndpointUrl</name><description><para>Amazon.PowerShell.Common.ServiceCmdlet.EndpointUrl </para></description><parameterValue required="true" variableLength="false">System.String</parameterValue><type><name>System.String</name><uri /></type><defaultValue>None</defaultValue></parameter><parameter required="False" variableLength="false" globbing="false" pipelineInput="True (ByPropertyName)" position="Named"><name>Force</name><description><para>This parameter overrides confirmation prompts to force  the cmdlet to continue its operation. This parameter should always be used with caution. </para></description><parameterValue required="true" variableLength="false">System.Management.Automation.SwitchParameter</parameterValue><type><name>System.Management.Automation.SwitchParameter</name><uri /></type><defaultValue>None</defaultValue></parameter><parameter required="True" variableLength="false" globbing="false" pipelineInput="True (ByValue, ByPropertyName)" position="1"><name>InstanceId</name><description><para>The ID of the EC2 instance. </para></description><parameterValue required="true" variableLength="false">System.String</parameterValue><type><name>System.String</name><uri /></type><defaultValue>None</defaultValue></parameter><parameter required="True" variableLength="false" globbing="false" pipelineInput="True (ByPropertyName)" position="Named"><name>InstanceOSUser</name><description><para>The OS user on the EC2 instance for whom the key can be used to authenticate. </para></description><parameterValue required="true" variableLength="false">System.String</parameterValue><type><name>System.String</name><uri /></type><defaultValue>None</defaultValue></parameter><parameter required="False" variableLength="false" globbing="false" pipelineInput="True (ByValue, ByPropertyName)" position="Named"><name>NetworkCredential</name><description><para>Amazon.PowerShell.Common.AWSCommonArgumentsCmdlet.NetworkCredential </para></description><parameterValue required="true" variableLength="false">System.Management.Automation.PSCredential</parameterValue><type><name>System.Management.Automation.PSCredential</name><uri /></type><defaultValue>None</defaultValue></parameter><parameter required="False" variableLength="false" globbing="false" pipelineInput="True (ByPropertyName)" position="Named"><name>PassThru</name><description><para>Changes the cmdlet behavior to return the value passed to the InstanceId parameter. The -PassThru parameter is deprecated, use -Select &#39;^InstanceId&#39; instead. This parameter will be removed in a future version. </para></description><parameterValue required="true" variableLength="false">System.Management.Automation.SwitchParameter</parameterValue><type><name>System.Management.Automation.SwitchParameter</name><uri /></type><defaultValue>None</defaultValue></parameter><parameter required="False" variableLength="false" globbing="false" pipelineInput="True (ByPropertyName)" position="Named"><name>ProfileLocation</name><description><para>Amazon.PowerShell.Common.AWSCommonArgumentsCmdlet.ProfileLocation </para></description><parameterValue required="true" variableLength="false">System.String</parameterValue><type><name>System.String</name><uri /></type><defaultValue>None</defaultValue></parameter><parameter required="False" variableLength="false" globbing="false" pipelineInput="True (ByPropertyName)" position="Named"><name>ProfileName</name><description><para>Amazon.PowerShell.Common.AWSCommonArgumentsCmdlet.ProfileName </para></description><parameterValue required="true" variableLength="false">System.String</parameterValue><type><name>System.String</name><uri /></type><defaultValue>None</defaultValue></parameter><parameter required="False" variableLength="false" globbing="false" pipelineInput="True (ByPropertyName)" position="Named"><name>Region</name><description><para>Amazon.PowerShell.Common.AWSCommonArgumentsCmdlet.Region </para></description><parameterValue required="true" variableLength="false">System.Object</parameterValue><type><name>System.Object</name><uri /></type><defaultValue>None</defaultValue></parameter><parameter required="False" variableLength="false" globbing="false" pipelineInput="True (ByPropertyName)" position="Named"><name>SecretKey</name><description><para>Amazon.PowerShell.Common.AWSCommonArgumentsCmdlet.SecretKey </para></description><parameterValue required="true" variableLength="false">System.String</parameterValue><type><name>System.String</name><uri /></type><defaultValue>None</defaultValue></parameter><parameter required="False" variableLength="false" globbing="false" pipelineInput="True (ByPropertyName)" position="Named"><name>Select</name><description><para>Use the -Select parameter to control the cmdlet output. The default value is &#39;Success&#39;. Specifying -Select &#39;*&#39; will result in the cmdlet returning the whole service response (Amazon.EC2InstanceConnect.Model.SendSSHPublicKeyResponse). Specifying the name of a property of type Amazon.EC2InstanceConnect.Model.SendSSHPublicKeyResponse will result in that property being returned. Specifying -Select &#39;^ParameterName&#39; will result in the cmdlet returning the selected cmdlet parameter value. </para></description><parameterValue required="true" variableLength="false">System.String</parameterValue><type><name>System.String</name><uri /></type><defaultValue>None</defaultValue></parameter><parameter required="False" variableLength="false" globbing="false" pipelineInput="True (ByPropertyName)" position="Named"><name>SessionToken</name><description><para>Amazon.PowerShell.Common.AWSCommonArgumentsCmdlet.SessionToken </para></description><parameterValue required="true" variableLength="false">System.String</parameterValue><type><name>System.String</name><uri /></type><defaultValue>None</defaultValue></parameter><parameter required="True" variableLength="false" globbing="false" pipelineInput="True (ByPropertyName)" position="Named"><name>SSHPublicKey</name><description><para>The public key material. To use the public key, you must have the matching private key. </para></description><parameterValue required="true" variableLength="false">System.String</parameterValue><type><name>System.String</name><uri /></type><defaultValue>None</defaultValue></parameter></parameters><returnValues><returnValue><type><name>System.Boolean or Amazon.EC2InstanceConnect.Model.SendSSHPublicKeyResponse</name><uri /><description /></type><description><para>This cmdlet returns a System.Boolean object.
The service call response (type Amazon.EC2InstanceConnect.Model.SendSSHPublicKeyResponse) can also be referenced from properties attached to the cmdlet entry in the $AWSHistory stack.</para></description></returnValue></returnValues><relatedLinks><navigationLink><linkText>Online version:</linkText><uri>http://docs.aws.amazon.com/powershell/latest/reference/index.html?page=Send-EC2ICSSHPublicKey.html&amp;tocid=Send-EC2ICSSHPublicKey</uri></navigationLink><navigationLink><linkText>Common credential and region parameters: </linkText><uri>http://docs.aws.amazon.com/powershell/latest/reference/items/pstoolsref-commonparams.html</uri></navigationLink></relatedLinks></command><command xmlns:maml="http://schemas.microsoft.com/maml/2004/10" xmlns:command="http://schemas.microsoft.com/maml/dev/command/2004/10" xmlns:dev="http://schemas.microsoft.com/maml/dev/2004/10"><details><name>Send-EC2ICSerialConsoleSSHPublicKey</name><description><para>Calls the AWS EC2 Instance Connect SendSerialConsoleSSHPublicKey API operation.</para></description><verb>Send</verb><noun>EC2ICSerialConsoleSSHPublicKey</noun><copyright><para>&amp;copy; Copyright 2012 - 2022 Amazon.com, Inc.or its affiliates.All Rights Reserved.</para></copyright></details><description><para>Pushes an SSH public key to the specified EC2 instance. The key remains for 60 seconds, which gives you 60 seconds to establish a serial console connection to the instance using SSH. For more information, see <a href="https://docs.aws.amazon.com/AWSEC2/latest/UserGuide/ec2-serial-console.html">EC2 Serial Console</a> in the <i>Amazon EC2 User Guide</i>. </para></description><syntax><syntaxItem><name>Send-EC2ICSerialConsoleSSHPublicKey</name><parameter required="True" variableLength="false" globbing="false" pipelineInput="True (ByValue, ByPropertyName)" position="1"><name>InstanceId</name><description><para>The ID of the EC2 instance. </para></description><parameterValue required="true" variableLength="false">System.String</parameterValue></parameter><parameter required="False" variableLength="false" globbing="false" pipelineInput="True (ByPropertyName)" position="Named"><name>SerialPort</name><description><para>The serial port of the EC2 instance. Currently only port 0 is supported. 
Default: 0 </para></description><parameterValue required="true" variableLength="false">System.Int32</parameterValue></parameter><parameter required="True" variableLength="false" globbing="false" pipelineInput="True (ByPropertyName)" position="Named"><name>SSHPublicKey</name><description><para>The public key material. To use the public key, you must have the matching private key. For information about the supported key formats and lengths, see <a href="https://docs.aws.amazon.com/AWSEC2/latest/UserGuide/ec2-key-pairs.html#how-to-generate-your-own-key-and-import-it-to-aws">Requirements for key pairs</a> in the <i>Amazon EC2 User Guide</i>. </para></description><parameterValue required="true" variableLength="false">System.String</parameterValue></parameter><parameter required="False" variableLength="false" globbing="false" pipelineInput="True (ByPropertyName)" position="Named"><name>Select</name><description><para>Use the -Select parameter to control the cmdlet output. The default value is &#39;Success&#39;. Specifying -Select &#39;*&#39; will result in the cmdlet returning the whole service response (Amazon.EC2InstanceConnect.Model.SendSerialConsoleSSHPublicKeyResponse). Specifying the name of a property of type Amazon.EC2InstanceConnect.Model.SendSerialConsoleSSHPublicKeyResponse will result in that property being returned. Specifying -Select &#39;^ParameterName&#39; will result in the cmdlet returning the selected cmdlet parameter value. </para></description><parameterValue required="true" variableLength="false">System.String</parameterValue></parameter><parameter required="False" variableLength="false" globbing="false" pipelineInput="True (ByPropertyName)" position="Named"><name>PassThru</name><description><para>Changes the cmdlet behavior to return the value passed to the InstanceId parameter. The -PassThru parameter is deprecated, use -Select &#39;^InstanceId&#39; instead. This parameter will be removed in a future version. </para></description><parameterValue required="true" variableLength="false">System.Management.Automation.SwitchParameter</parameterValue></parameter><parameter required="False" variableLength="false" globbing="false" pipelineInput="True (ByPropertyName)" position="Named"><name>Force</name><description><para>This parameter overrides confirmation prompts to force  the cmdlet to continue its operation. This parameter should always be used with caution. </para></description><parameterValue required="true" variableLength="false">System.Management.Automation.SwitchParameter</parameterValue></parameter><parameter required="False" variableLength="false" globbing="false" pipelineInput="True (ByPropertyName)" position="Named"><name>EndpointUrl</name><description><para>Amazon.PowerShell.Common.ServiceCmdlet.EndpointUrl </para></description><parameterValue required="true" variableLength="false">System.String</parameterValue></parameter><parameter required="False" variableLength="false" globbing="false" pipelineInput="True (ByPropertyName)" position="Named"><name>Region</name><description><para>Amazon.PowerShell.Common.AWSCommonArgumentsCmdlet.Region </para></description><parameterValue required="true" variableLength="false">System.Object</parameterValue></parameter><parameter required="False" variableLength="false" globbing="false" pipelineInput="True (ByPropertyName)" position="Named"><name>AccessKey</name><description><para>Amazon.PowerShell.Common.AWSCommonArgumentsCmdlet.AccessKey </para></description><parameterValue required="true" variableLength="false">System.String</parameterValue></parameter><parameter required="False" variableLength="false" globbing="false" pipelineInput="True (ByPropertyName)" position="Named"><name>SecretKey</name><description><para>Amazon.PowerShell.Common.AWSCommonArgumentsCmdlet.SecretKey </para></description><parameterValue required="true" variableLength="false">System.String</parameterValue></parameter><parameter required="False" variableLength="false" globbing="false" pipelineInput="True (ByPropertyName)" position="Named"><name>SessionToken</name><description><para>Amazon.PowerShell.Common.AWSCommonArgumentsCmdlet.SessionToken </para></description><parameterValue required="true" variableLength="false">System.String</parameterValue></parameter><parameter required="False" variableLength="false" globbing="false" pipelineInput="True (ByPropertyName)" position="Named"><name>ProfileName</name><description><para>Amazon.PowerShell.Common.AWSCommonArgumentsCmdlet.ProfileName </para></description><parameterValue required="true" variableLength="false">System.String</parameterValue></parameter><parameter required="False" variableLength="false" globbing="false" pipelineInput="True (ByPropertyName)" position="Named"><name>ProfileLocation</name><description><para>Amazon.PowerShell.Common.AWSCommonArgumentsCmdlet.ProfileLocation </para></description><parameterValue required="true" variableLength="false">System.String</parameterValue></parameter><parameter required="False" variableLength="false" globbing="false" pipelineInput="True (ByValue, ByPropertyName)" position="Named"><name>Credential</name><description><para>Amazon.PowerShell.Common.AWSCommonArgumentsCmdlet.Credential </para></description><parameterValue required="true" variableLength="false">Amazon.Runtime.AWSCredentials</parameterValue></parameter><parameter required="False" variableLength="false" globbing="false" pipelineInput="True (ByValue, ByPropertyName)" position="Named"><name>NetworkCredential</name><description><para>Amazon.PowerShell.Common.AWSCommonArgumentsCmdlet.NetworkCredential </para></description><parameterValue required="true" variableLength="false">System.Management.Automation.PSCredential</parameterValue></parameter></syntaxItem></syntax><parameters><parameter required="False" variableLength="false" globbing="false" pipelineInput="True (ByPropertyName)" position="Named"><name>AccessKey</name><description><para>Amazon.PowerShell.Common.AWSCommonArgumentsCmdlet.AccessKey </para></description><parameterValue required="true" variableLength="false">System.String</parameterValue><type><name>System.String</name><uri /></type><defaultValue>None</defaultValue></parameter><parameter required="False" variableLength="false" globbing="false" pipelineInput="True (ByValue, ByPropertyName)" position="Named"><name>Credential</name><description><para>Amazon.PowerShell.Common.AWSCommonArgumentsCmdlet.Credential </para></description><parameterValue required="true" variableLength="false">Amazon.Runtime.AWSCredentials</parameterValue><type><name>Amazon.Runtime.AWSCredentials</name><uri /></type><defaultValue>None</defaultValue></parameter><parameter required="False" variableLength="false" globbing="false" pipelineInput="True (ByPropertyName)" position="Named"><name>EndpointUrl</name><description><para>Amazon.PowerShell.Common.ServiceCmdlet.EndpointUrl </para></description><parameterValue required="true" variableLength="false">System.String</parameterValue><type><name>System.String</name><uri /></type><defaultValue>None</defaultValue></parameter><parameter required="False" variableLength="false" globbing="false" pipelineInput="True (ByPropertyName)" position="Named"><name>Force</name><description><para>This parameter overrides confirmation prompts to force  the cmdlet to continue its operation. This parameter should always be used with caution. </para></description><parameterValue required="true" variableLength="false">System.Management.Automation.SwitchParameter</parameterValue><type><name>System.Management.Automation.SwitchParameter</name><uri /></type><defaultValue>None</defaultValue></parameter><parameter required="True" variableLength="false" globbing="false" pipelineInput="True (ByValue, ByPropertyName)" position="1"><name>InstanceId</name><description><para>The ID of the EC2 instance. </para></description><parameterValue required="true" variableLength="false">System.String</parameterValue><type><name>System.String</name><uri /></type><defaultValue>None</defaultValue></parameter><parameter required="False" variableLength="false" globbing="false" pipelineInput="True (ByValue, ByPropertyName)" position="Named"><name>NetworkCredential</name><description><para>Amazon.PowerShell.Common.AWSCommonArgumentsCmdlet.NetworkCredential </para></description><parameterValue required="true" variableLength="false">System.Management.Automation.PSCredential</parameterValue><type><name>System.Management.Automation.PSCredential</name><uri /></type><defaultValue>None</defaultValue></parameter><parameter required="False" variableLength="false" globbing="false" pipelineInput="True (ByPropertyName)" position="Named"><name>PassThru</name><description><para>Changes the cmdlet behavior to return the value passed to the InstanceId parameter. The -PassThru parameter is deprecated, use -Select &#39;^InstanceId&#39; instead. This parameter will be removed in a future version. </para></description><parameterValue required="true" variableLength="false">System.Management.Automation.SwitchParameter</parameterValue><type><name>System.Management.Automation.SwitchParameter</name><uri /></type><defaultValue>None</defaultValue></parameter><parameter required="False" variableLength="false" globbing="false" pipelineInput="True (ByPropertyName)" position="Named"><name>ProfileLocation</name><description><para>Amazon.PowerShell.Common.AWSCommonArgumentsCmdlet.ProfileLocation </para></description><parameterValue required="true" variableLength="false">System.String</parameterValue><type><name>System.String</name><uri /></type><defaultValue>None</defaultValue></parameter><parameter required="False" variableLength="false" globbing="false" pipelineInput="True (ByPropertyName)" position="Named"><name>ProfileName</name><description><para>Amazon.PowerShell.Common.AWSCommonArgumentsCmdlet.ProfileName </para></description><parameterValue required="true" variableLength="false">System.String</parameterValue><type><name>System.String</name><uri /></type><defaultValue>None</defaultValue></parameter><parameter required="False" variableLength="false" globbing="false" pipelineInput="True (ByPropertyName)" position="Named"><name>Region</name><description><para>Amazon.PowerShell.Common.AWSCommonArgumentsCmdlet.Region </para></description><parameterValue required="true" variableLength="false">System.Object</parameterValue><type><name>System.Object</name><uri /></type><defaultValue>None</defaultValue></parameter><parameter required="False" variableLength="false" globbing="false" pipelineInput="True (ByPropertyName)" position="Named"><name>SecretKey</name><description><para>Amazon.PowerShell.Common.AWSCommonArgumentsCmdlet.SecretKey </para></description><parameterValue required="true" variableLength="false">System.String</parameterValue><type><name>System.String</name><uri /></type><defaultValue>None</defaultValue></parameter><parameter required="False" variableLength="false" globbing="false" pipelineInput="True (ByPropertyName)" position="Named"><name>Select</name><description><para>Use the -Select parameter to control the cmdlet output. The default value is &#39;Success&#39;. Specifying -Select &#39;*&#39; will result in the cmdlet returning the whole service response (Amazon.EC2InstanceConnect.Model.SendSerialConsoleSSHPublicKeyResponse). Specifying the name of a property of type Amazon.EC2InstanceConnect.Model.SendSerialConsoleSSHPublicKeyResponse will result in that property being returned. Specifying -Select &#39;^ParameterName&#39; will result in the cmdlet returning the selected cmdlet parameter value. </para></description><parameterValue required="true" variableLength="false">System.String</parameterValue><type><name>System.String</name><uri /></type><defaultValue>None</defaultValue></parameter><parameter required="False" variableLength="false" globbing="false" pipelineInput="True (ByPropertyName)" position="Named"><name>SerialPort</name><description><para>The serial port of the EC2 instance. Currently only port 0 is supported. 
Default: 0 </para></description><parameterValue required="true" variableLength="false">System.Int32</parameterValue><type><name>System.Int32</name><uri /></type><defaultValue>None</defaultValue></parameter><parameter required="False" variableLength="false" globbing="false" pipelineInput="True (ByPropertyName)" position="Named"><name>SessionToken</name><description><para>Amazon.PowerShell.Common.AWSCommonArgumentsCmdlet.SessionToken </para></description><parameterValue required="true" variableLength="false">System.String</parameterValue><type><name>System.String</name><uri /></type><defaultValue>None</defaultValue></parameter><parameter required="True" variableLength="false" globbing="false" pipelineInput="True (ByPropertyName)" position="Named"><name>SSHPublicKey</name><description><para>The public key material. To use the public key, you must have the matching private key. For information about the supported key formats and lengths, see <a href="https://docs.aws.amazon.com/AWSEC2/latest/UserGuide/ec2-key-pairs.html#how-to-generate-your-own-key-and-import-it-to-aws">Requirements for key pairs</a> in the <i>Amazon EC2 User Guide</i>. </para></description><parameterValue required="true" variableLength="false">System.String</parameterValue><type><name>System.String</name><uri /></type><defaultValue>None</defaultValue></parameter></parameters><returnValues><returnValue><type><name>System.Boolean or Amazon.EC2InstanceConnect.Model.SendSerialConsoleSSHPublicKeyResponse</name><uri /><description /></type><description><para>This cmdlet returns a System.Boolean object.
The service call response (type Amazon.EC2InstanceConnect.Model.SendSerialConsoleSSHPublicKeyResponse) can also be referenced from properties attached to the cmdlet entry in the $AWSHistory stack.</para></description></returnValue></returnValues><relatedLinks><navigationLink><linkText>Online version:</linkText><uri>http://docs.aws.amazon.com/powershell/latest/reference/index.html?page=Send-EC2ICSerialConsoleSSHPublicKey.html&amp;tocid=Send-EC2ICSerialConsoleSSHPublicKey</uri></navigationLink><navigationLink><linkText>Common credential and region parameters: </linkText><uri>http://docs.aws.amazon.com/powershell/latest/reference/items/pstoolsref-commonparams.html</uri></navigationLink></relatedLinks></command></helpItems>