﻿<helpItems schema="maml"><command xmlns:maml="http://schemas.microsoft.com/maml/2004/10" xmlns:command="http://schemas.microsoft.com/maml/dev/command/2004/10" xmlns:dev="http://schemas.microsoft.com/maml/dev/2004/10"><details><name>Get-ACPReportDefinitionList</name><description><para>Calls the Amazon ApplicationCostProfiler ListReportDefinitions API operation.</para></description><verb>Get</verb><noun>ACPReportDefinitionList</noun><copyright><para>&amp;copy; Copyright 2012 - 2022 Amazon.com, Inc.or its affiliates.All Rights Reserved.</para></copyright></details><description><para>Retrieves a list of all reports and their configurations for your AWS account. 
The maximum number of reports is one. </para></description><syntax><syntaxItem><name>Get-ACPReportDefinitionList</name><parameter required="False" variableLength="false" globbing="false" pipelineInput="True (ByPropertyName)" position="Named"><name>MaxResult</name><description><para>The maximum number of results to return. </para></description><parameterValue required="true" variableLength="false">System.Int32</parameterValue></parameter><parameter required="False" variableLength="false" globbing="false" pipelineInput="True (ByPropertyName)" position="Named"><name>NextToken</name><description><para>The token value from a previous call to access the next page of results. </para></description><parameterValue required="true" variableLength="false">System.String</parameterValue></parameter><parameter required="False" variableLength="false" globbing="false" pipelineInput="True (ByPropertyName)" position="Named"><name>Select</name><description><para>Use the -Select parameter to control the cmdlet output. The default value is &#39;ReportDefinitions&#39;. Specifying -Select &#39;*&#39; will result in the cmdlet returning the whole service response (Amazon.ApplicationCostProfiler.Model.ListReportDefinitionsResponse). Specifying the name of a property of type Amazon.ApplicationCostProfiler.Model.ListReportDefinitionsResponse will result in that property being returned. Specifying -Select &#39;^ParameterName&#39; will result in the cmdlet returning the selected cmdlet parameter value. </para></description><parameterValue required="true" variableLength="false">System.String</parameterValue></parameter><parameter required="False" variableLength="false" globbing="false" pipelineInput="True (ByPropertyName)" position="Named"><name>EndpointUrl</name><description><para>Amazon.PowerShell.Common.ServiceCmdlet.EndpointUrl </para></description><parameterValue required="true" variableLength="false">System.String</parameterValue></parameter><parameter required="False" variableLength="false" globbing="false" pipelineInput="True (ByPropertyName)" position="Named"><name>Region</name><description><para>Amazon.PowerShell.Common.AWSCommonArgumentsCmdlet.Region </para></description><parameterValue required="true" variableLength="false">System.Object</parameterValue></parameter><parameter required="False" variableLength="false" globbing="false" pipelineInput="True (ByPropertyName)" position="Named"><name>AccessKey</name><description><para>Amazon.PowerShell.Common.AWSCommonArgumentsCmdlet.AccessKey </para></description><parameterValue required="true" variableLength="false">System.String</parameterValue></parameter><parameter required="False" variableLength="false" globbing="false" pipelineInput="True (ByPropertyName)" position="Named"><name>SecretKey</name><description><para>Amazon.PowerShell.Common.AWSCommonArgumentsCmdlet.SecretKey </para></description><parameterValue required="true" variableLength="false">System.String</parameterValue></parameter><parameter required="False" variableLength="false" globbing="false" pipelineInput="True (ByPropertyName)" position="Named"><name>SessionToken</name><description><para>Amazon.PowerShell.Common.AWSCommonArgumentsCmdlet.SessionToken </para></description><parameterValue required="true" variableLength="false">System.String</parameterValue></parameter><parameter required="False" variableLength="false" globbing="false" pipelineInput="True (ByPropertyName)" position="Named"><name>ProfileName</name><description><para>Amazon.PowerShell.Common.AWSCommonArgumentsCmdlet.ProfileName </para></description><parameterValue required="true" variableLength="false">System.String</parameterValue></parameter><parameter required="False" variableLength="false" globbing="false" pipelineInput="True (ByPropertyName)" position="Named"><name>ProfileLocation</name><description><para>Amazon.PowerShell.Common.AWSCommonArgumentsCmdlet.ProfileLocation </para></description><parameterValue required="true" variableLength="false">System.String</parameterValue></parameter><parameter required="False" variableLength="false" globbing="false" pipelineInput="True (ByValue, ByPropertyName)" position="Named"><name>Credential</name><description><para>Amazon.PowerShell.Common.AWSCommonArgumentsCmdlet.Credential </para></description><parameterValue required="true" variableLength="false">Amazon.Runtime.AWSCredentials</parameterValue></parameter><parameter required="False" variableLength="false" globbing="false" pipelineInput="True (ByValue, ByPropertyName)" position="Named"><name>NetworkCredential</name><description><para>Amazon.PowerShell.Common.AWSCommonArgumentsCmdlet.NetworkCredential </para></description><parameterValue required="true" variableLength="false">System.Management.Automation.PSCredential</parameterValue></parameter></syntaxItem></syntax><parameters><parameter required="False" variableLength="false" globbing="false" pipelineInput="True (ByPropertyName)" position="Named"><name>AccessKey</name><description><para>Amazon.PowerShell.Common.AWSCommonArgumentsCmdlet.AccessKey </para></description><parameterValue required="true" variableLength="false">System.String</parameterValue><type><name>System.String</name><uri /></type><defaultValue>None</defaultValue></parameter><parameter required="False" variableLength="false" globbing="false" pipelineInput="True (ByValue, ByPropertyName)" position="Named"><name>Credential</name><description><para>Amazon.PowerShell.Common.AWSCommonArgumentsCmdlet.Credential </para></description><parameterValue required="true" variableLength="false">Amazon.Runtime.AWSCredentials</parameterValue><type><name>Amazon.Runtime.AWSCredentials</name><uri /></type><defaultValue>None</defaultValue></parameter><parameter required="False" variableLength="false" globbing="false" pipelineInput="True (ByPropertyName)" position="Named"><name>EndpointUrl</name><description><para>Amazon.PowerShell.Common.ServiceCmdlet.EndpointUrl </para></description><parameterValue required="true" variableLength="false">System.String</parameterValue><type><name>System.String</name><uri /></type><defaultValue>None</defaultValue></parameter><parameter required="False" variableLength="false" globbing="false" pipelineInput="True (ByPropertyName)" position="Named"><name>MaxResult</name><description><para>The maximum number of results to return. </para></description><parameterValue required="true" variableLength="false">System.Int32</parameterValue><type><name>System.Int32</name><uri /></type><defaultValue>None</defaultValue></parameter><parameter required="False" variableLength="false" globbing="false" pipelineInput="True (ByValue, ByPropertyName)" position="Named"><name>NetworkCredential</name><description><para>Amazon.PowerShell.Common.AWSCommonArgumentsCmdlet.NetworkCredential </para></description><parameterValue required="true" variableLength="false">System.Management.Automation.PSCredential</parameterValue><type><name>System.Management.Automation.PSCredential</name><uri /></type><defaultValue>None</defaultValue></parameter><parameter required="False" variableLength="false" globbing="false" pipelineInput="True (ByPropertyName)" position="Named"><name>NextToken</name><description><para>The token value from a previous call to access the next page of results. </para></description><parameterValue required="true" variableLength="false">System.String</parameterValue><type><name>System.String</name><uri /></type><defaultValue>None</defaultValue></parameter><parameter required="False" variableLength="false" globbing="false" pipelineInput="True (ByPropertyName)" position="Named"><name>ProfileLocation</name><description><para>Amazon.PowerShell.Common.AWSCommonArgumentsCmdlet.ProfileLocation </para></description><parameterValue required="true" variableLength="false">System.String</parameterValue><type><name>System.String</name><uri /></type><defaultValue>None</defaultValue></parameter><parameter required="False" variableLength="false" globbing="false" pipelineInput="True (ByPropertyName)" position="Named"><name>ProfileName</name><description><para>Amazon.PowerShell.Common.AWSCommonArgumentsCmdlet.ProfileName </para></description><parameterValue required="true" variableLength="false">System.String</parameterValue><type><name>System.String</name><uri /></type><defaultValue>None</defaultValue></parameter><parameter required="False" variableLength="false" globbing="false" pipelineInput="True (ByPropertyName)" position="Named"><name>Region</name><description><para>Amazon.PowerShell.Common.AWSCommonArgumentsCmdlet.Region </para></description><parameterValue required="true" variableLength="false">System.Object</parameterValue><type><name>System.Object</name><uri /></type><defaultValue>None</defaultValue></parameter><parameter required="False" variableLength="false" globbing="false" pipelineInput="True (ByPropertyName)" position="Named"><name>SecretKey</name><description><para>Amazon.PowerShell.Common.AWSCommonArgumentsCmdlet.SecretKey </para></description><parameterValue required="true" variableLength="false">System.String</parameterValue><type><name>System.String</name><uri /></type><defaultValue>None</defaultValue></parameter><parameter required="False" variableLength="false" globbing="false" pipelineInput="True (ByPropertyName)" position="Named"><name>Select</name><description><para>Use the -Select parameter to control the cmdlet output. The default value is &#39;ReportDefinitions&#39;. Specifying -Select &#39;*&#39; will result in the cmdlet returning the whole service response (Amazon.ApplicationCostProfiler.Model.ListReportDefinitionsResponse). Specifying the name of a property of type Amazon.ApplicationCostProfiler.Model.ListReportDefinitionsResponse will result in that property being returned. Specifying -Select &#39;^ParameterName&#39; will result in the cmdlet returning the selected cmdlet parameter value. </para></description><parameterValue required="true" variableLength="false">System.String</parameterValue><type><name>System.String</name><uri /></type><defaultValue>None</defaultValue></parameter><parameter required="False" variableLength="false" globbing="false" pipelineInput="True (ByPropertyName)" position="Named"><name>SessionToken</name><description><para>Amazon.PowerShell.Common.AWSCommonArgumentsCmdlet.SessionToken </para></description><parameterValue required="true" variableLength="false">System.String</parameterValue><type><name>System.String</name><uri /></type><defaultValue>None</defaultValue></parameter></parameters><returnValues><returnValue><type><name>Amazon.ApplicationCostProfiler.Model.ReportDefinition or Amazon.ApplicationCostProfiler.Model.ListReportDefinitionsResponse</name><uri /><description /></type><description><para>This cmdlet returns a collection of Amazon.ApplicationCostProfiler.Model.ReportDefinition objects.
The service call response (type Amazon.ApplicationCostProfiler.Model.ListReportDefinitionsResponse) can also be referenced from properties attached to the cmdlet entry in the $AWSHistory stack.</para></description></returnValue></returnValues><relatedLinks><navigationLink><linkText>Online version:</linkText><uri>http://docs.aws.amazon.com/powershell/latest/reference/index.html?page=Get-ACPReportDefinitionList.html&amp;tocid=Get-ACPReportDefinitionList</uri></navigationLink><navigationLink><linkText>Common credential and region parameters: </linkText><uri>http://docs.aws.amazon.com/powershell/latest/reference/items/pstoolsref-commonparams.html</uri></navigationLink></relatedLinks></command><command xmlns:maml="http://schemas.microsoft.com/maml/2004/10" xmlns:command="http://schemas.microsoft.com/maml/dev/command/2004/10" xmlns:dev="http://schemas.microsoft.com/maml/dev/2004/10"><details><name>Update-ACPReportDefinition</name><description><para>Calls the Amazon ApplicationCostProfiler UpdateReportDefinition API operation.</para></description><verb>Update</verb><noun>ACPReportDefinition</noun><copyright><para>&amp;copy; Copyright 2012 - 2022 Amazon.com, Inc.or its affiliates.All Rights Reserved.</para></copyright></details><description><para>Updates existing report in AWS Application Cost Profiler. </para></description><syntax><syntaxItem><name>Update-ACPReportDefinition</name><parameter required="True" variableLength="false" globbing="false" pipelineInput="True (ByValue, ByPropertyName)" position="1"><name>ReportId</name><description><para>Required. ID of the report to update. </para></description><parameterValue required="true" variableLength="false">System.String</parameterValue></parameter><parameter required="True" variableLength="false" globbing="false" pipelineInput="True (ByPropertyName)" position="Named"><name>DestinationS3Location_Bucket</name><description><para>Name of the S3 bucket. </para></description><parameterValue required="true" variableLength="false">System.String</parameterValue></parameter><parameter required="True" variableLength="false" globbing="false" pipelineInput="True (ByPropertyName)" position="Named"><name>Format</name><description><para>Required. The format to use for the generated report. </para></description><parameterValue required="true" variableLength="false">Amazon.ApplicationCostProfiler.Format</parameterValue></parameter><parameter required="True" variableLength="false" globbing="false" pipelineInput="True (ByPropertyName)" position="Named"><name>DestinationS3Location_Prefix</name><description><para>Prefix for the location to write to. </para></description><parameterValue required="true" variableLength="false">System.String</parameterValue></parameter><parameter required="True" variableLength="false" globbing="false" pipelineInput="True (ByPropertyName)" position="Named"><name>ReportDescription</name><description><para>Required. Description of the report. </para></description><parameterValue required="true" variableLength="false">System.String</parameterValue></parameter><parameter required="True" variableLength="false" globbing="false" pipelineInput="True (ByPropertyName)" position="Named"><name>ReportFrequency</name><description><para>Required. The cadence to generate the report. </para></description><parameterValue required="true" variableLength="false">Amazon.ApplicationCostProfiler.ReportFrequency</parameterValue></parameter><parameter required="False" variableLength="false" globbing="false" pipelineInput="True (ByPropertyName)" position="Named"><name>Select</name><description><para>Use the -Select parameter to control the cmdlet output. The default value is &#39;ReportId&#39;. Specifying -Select &#39;*&#39; will result in the cmdlet returning the whole service response (Amazon.ApplicationCostProfiler.Model.UpdateReportDefinitionResponse). Specifying the name of a property of type Amazon.ApplicationCostProfiler.Model.UpdateReportDefinitionResponse will result in that property being returned. Specifying -Select &#39;^ParameterName&#39; will result in the cmdlet returning the selected cmdlet parameter value. </para></description><parameterValue required="true" variableLength="false">System.String</parameterValue></parameter><parameter required="False" variableLength="false" globbing="false" pipelineInput="True (ByPropertyName)" position="Named"><name>PassThru</name><description><para>Changes the cmdlet behavior to return the value passed to the ReportId parameter. The -PassThru parameter is deprecated, use -Select &#39;^ReportId&#39; instead. This parameter will be removed in a future version. </para></description><parameterValue required="true" variableLength="false">System.Management.Automation.SwitchParameter</parameterValue></parameter><parameter required="False" variableLength="false" globbing="false" pipelineInput="True (ByPropertyName)" position="Named"><name>Force</name><description><para>This parameter overrides confirmation prompts to force  the cmdlet to continue its operation. This parameter should always be used with caution. </para></description><parameterValue required="true" variableLength="false">System.Management.Automation.SwitchParameter</parameterValue></parameter><parameter required="False" variableLength="false" globbing="false" pipelineInput="True (ByPropertyName)" position="Named"><name>EndpointUrl</name><description><para>Amazon.PowerShell.Common.ServiceCmdlet.EndpointUrl </para></description><parameterValue required="true" variableLength="false">System.String</parameterValue></parameter><parameter required="False" variableLength="false" globbing="false" pipelineInput="True (ByPropertyName)" position="Named"><name>Region</name><description><para>Amazon.PowerShell.Common.AWSCommonArgumentsCmdlet.Region </para></description><parameterValue required="true" variableLength="false">System.Object</parameterValue></parameter><parameter required="False" variableLength="false" globbing="false" pipelineInput="True (ByPropertyName)" position="Named"><name>AccessKey</name><description><para>Amazon.PowerShell.Common.AWSCommonArgumentsCmdlet.AccessKey </para></description><parameterValue required="true" variableLength="false">System.String</parameterValue></parameter><parameter required="False" variableLength="false" globbing="false" pipelineInput="True (ByPropertyName)" position="Named"><name>SecretKey</name><description><para>Amazon.PowerShell.Common.AWSCommonArgumentsCmdlet.SecretKey </para></description><parameterValue required="true" variableLength="false">System.String</parameterValue></parameter><parameter required="False" variableLength="false" globbing="false" pipelineInput="True (ByPropertyName)" position="Named"><name>SessionToken</name><description><para>Amazon.PowerShell.Common.AWSCommonArgumentsCmdlet.SessionToken </para></description><parameterValue required="true" variableLength="false">System.String</parameterValue></parameter><parameter required="False" variableLength="false" globbing="false" pipelineInput="True (ByPropertyName)" position="Named"><name>ProfileName</name><description><para>Amazon.PowerShell.Common.AWSCommonArgumentsCmdlet.ProfileName </para></description><parameterValue required="true" variableLength="false">System.String</parameterValue></parameter><parameter required="False" variableLength="false" globbing="false" pipelineInput="True (ByPropertyName)" position="Named"><name>ProfileLocation</name><description><para>Amazon.PowerShell.Common.AWSCommonArgumentsCmdlet.ProfileLocation </para></description><parameterValue required="true" variableLength="false">System.String</parameterValue></parameter><parameter required="False" variableLength="false" globbing="false" pipelineInput="True (ByValue, ByPropertyName)" position="Named"><name>Credential</name><description><para>Amazon.PowerShell.Common.AWSCommonArgumentsCmdlet.Credential </para></description><parameterValue required="true" variableLength="false">Amazon.Runtime.AWSCredentials</parameterValue></parameter><parameter required="False" variableLength="false" globbing="false" pipelineInput="True (ByValue, ByPropertyName)" position="Named"><name>NetworkCredential</name><description><para>Amazon.PowerShell.Common.AWSCommonArgumentsCmdlet.NetworkCredential </para></description><parameterValue required="true" variableLength="false">System.Management.Automation.PSCredential</parameterValue></parameter></syntaxItem></syntax><parameters><parameter required="False" variableLength="false" globbing="false" pipelineInput="True (ByPropertyName)" position="Named"><name>AccessKey</name><description><para>Amazon.PowerShell.Common.AWSCommonArgumentsCmdlet.AccessKey </para></description><parameterValue required="true" variableLength="false">System.String</parameterValue><type><name>System.String</name><uri /></type><defaultValue>None</defaultValue></parameter><parameter required="False" variableLength="false" globbing="false" pipelineInput="True (ByValue, ByPropertyName)" position="Named"><name>Credential</name><description><para>Amazon.PowerShell.Common.AWSCommonArgumentsCmdlet.Credential </para></description><parameterValue required="true" variableLength="false">Amazon.Runtime.AWSCredentials</parameterValue><type><name>Amazon.Runtime.AWSCredentials</name><uri /></type><defaultValue>None</defaultValue></parameter><parameter required="True" variableLength="false" globbing="false" pipelineInput="True (ByPropertyName)" position="Named"><name>DestinationS3Location_Bucket</name><description><para>Name of the S3 bucket. </para></description><parameterValue required="true" variableLength="false">System.String</parameterValue><type><name>System.String</name><uri /></type><defaultValue>None</defaultValue></parameter><parameter required="True" variableLength="false" globbing="false" pipelineInput="True (ByPropertyName)" position="Named"><name>DestinationS3Location_Prefix</name><description><para>Prefix for the location to write to. </para></description><parameterValue required="true" variableLength="false">System.String</parameterValue><type><name>System.String</name><uri /></type><defaultValue>None</defaultValue></parameter><parameter required="False" variableLength="false" globbing="false" pipelineInput="True (ByPropertyName)" position="Named"><name>EndpointUrl</name><description><para>Amazon.PowerShell.Common.ServiceCmdlet.EndpointUrl </para></description><parameterValue required="true" variableLength="false">System.String</parameterValue><type><name>System.String</name><uri /></type><defaultValue>None</defaultValue></parameter><parameter required="False" variableLength="false" globbing="false" pipelineInput="True (ByPropertyName)" position="Named"><name>Force</name><description><para>This parameter overrides confirmation prompts to force  the cmdlet to continue its operation. This parameter should always be used with caution. </para></description><parameterValue required="true" variableLength="false">System.Management.Automation.SwitchParameter</parameterValue><type><name>System.Management.Automation.SwitchParameter</name><uri /></type><defaultValue>None</defaultValue></parameter><parameter required="True" variableLength="false" globbing="false" pipelineInput="True (ByPropertyName)" position="Named"><name>Format</name><description><para>Required. The format to use for the generated report. </para></description><parameterValue required="true" variableLength="false">Amazon.ApplicationCostProfiler.Format</parameterValue><type><name>Amazon.ApplicationCostProfiler.Format</name><uri /></type><defaultValue>None</defaultValue></parameter><parameter required="False" variableLength="false" globbing="false" pipelineInput="True (ByValue, ByPropertyName)" position="Named"><name>NetworkCredential</name><description><para>Amazon.PowerShell.Common.AWSCommonArgumentsCmdlet.NetworkCredential </para></description><parameterValue required="true" variableLength="false">System.Management.Automation.PSCredential</parameterValue><type><name>System.Management.Automation.PSCredential</name><uri /></type><defaultValue>None</defaultValue></parameter><parameter required="False" variableLength="false" globbing="false" pipelineInput="True (ByPropertyName)" position="Named"><name>PassThru</name><description><para>Changes the cmdlet behavior to return the value passed to the ReportId parameter. The -PassThru parameter is deprecated, use -Select &#39;^ReportId&#39; instead. This parameter will be removed in a future version. </para></description><parameterValue required="true" variableLength="false">System.Management.Automation.SwitchParameter</parameterValue><type><name>System.Management.Automation.SwitchParameter</name><uri /></type><defaultValue>None</defaultValue></parameter><parameter required="False" variableLength="false" globbing="false" pipelineInput="True (ByPropertyName)" position="Named"><name>ProfileLocation</name><description><para>Amazon.PowerShell.Common.AWSCommonArgumentsCmdlet.ProfileLocation </para></description><parameterValue required="true" variableLength="false">System.String</parameterValue><type><name>System.String</name><uri /></type><defaultValue>None</defaultValue></parameter><parameter required="False" variableLength="false" globbing="false" pipelineInput="True (ByPropertyName)" position="Named"><name>ProfileName</name><description><para>Amazon.PowerShell.Common.AWSCommonArgumentsCmdlet.ProfileName </para></description><parameterValue required="true" variableLength="false">System.String</parameterValue><type><name>System.String</name><uri /></type><defaultValue>None</defaultValue></parameter><parameter required="False" variableLength="false" globbing="false" pipelineInput="True (ByPropertyName)" position="Named"><name>Region</name><description><para>Amazon.PowerShell.Common.AWSCommonArgumentsCmdlet.Region </para></description><parameterValue required="true" variableLength="false">System.Object</parameterValue><type><name>System.Object</name><uri /></type><defaultValue>None</defaultValue></parameter><parameter required="True" variableLength="false" globbing="false" pipelineInput="True (ByPropertyName)" position="Named"><name>ReportDescription</name><description><para>Required. Description of the report. </para></description><parameterValue required="true" variableLength="false">System.String</parameterValue><type><name>System.String</name><uri /></type><defaultValue>None</defaultValue></parameter><parameter required="True" variableLength="false" globbing="false" pipelineInput="True (ByPropertyName)" position="Named"><name>ReportFrequency</name><description><para>Required. The cadence to generate the report. </para></description><parameterValue required="true" variableLength="false">Amazon.ApplicationCostProfiler.ReportFrequency</parameterValue><type><name>Amazon.ApplicationCostProfiler.ReportFrequency</name><uri /></type><defaultValue>None</defaultValue></parameter><parameter required="True" variableLength="false" globbing="false" pipelineInput="True (ByValue, ByPropertyName)" position="1"><name>ReportId</name><description><para>Required. ID of the report to update. </para></description><parameterValue required="true" variableLength="false">System.String</parameterValue><type><name>System.String</name><uri /></type><defaultValue>None</defaultValue></parameter><parameter required="False" variableLength="false" globbing="false" pipelineInput="True (ByPropertyName)" position="Named"><name>SecretKey</name><description><para>Amazon.PowerShell.Common.AWSCommonArgumentsCmdlet.SecretKey </para></description><parameterValue required="true" variableLength="false">System.String</parameterValue><type><name>System.String</name><uri /></type><defaultValue>None</defaultValue></parameter><parameter required="False" variableLength="false" globbing="false" pipelineInput="True (ByPropertyName)" position="Named"><name>Select</name><description><para>Use the -Select parameter to control the cmdlet output. The default value is &#39;ReportId&#39;. Specifying -Select &#39;*&#39; will result in the cmdlet returning the whole service response (Amazon.ApplicationCostProfiler.Model.UpdateReportDefinitionResponse). Specifying the name of a property of type Amazon.ApplicationCostProfiler.Model.UpdateReportDefinitionResponse will result in that property being returned. Specifying -Select &#39;^ParameterName&#39; will result in the cmdlet returning the selected cmdlet parameter value. </para></description><parameterValue required="true" variableLength="false">System.String</parameterValue><type><name>System.String</name><uri /></type><defaultValue>None</defaultValue></parameter><parameter required="False" variableLength="false" globbing="false" pipelineInput="True (ByPropertyName)" position="Named"><name>SessionToken</name><description><para>Amazon.PowerShell.Common.AWSCommonArgumentsCmdlet.SessionToken </para></description><parameterValue required="true" variableLength="false">System.String</parameterValue><type><name>System.String</name><uri /></type><defaultValue>None</defaultValue></parameter></parameters><returnValues><returnValue><type><name>System.String or Amazon.ApplicationCostProfiler.Model.UpdateReportDefinitionResponse</name><uri /><description /></type><description><para>This cmdlet returns a System.String object.
The service call response (type Amazon.ApplicationCostProfiler.Model.UpdateReportDefinitionResponse) can also be referenced from properties attached to the cmdlet entry in the $AWSHistory stack.</para></description></returnValue></returnValues><relatedLinks><navigationLink><linkText>Online version:</linkText><uri>http://docs.aws.amazon.com/powershell/latest/reference/index.html?page=Update-ACPReportDefinition.html&amp;tocid=Update-ACPReportDefinition</uri></navigationLink><navigationLink><linkText>Common credential and region parameters: </linkText><uri>http://docs.aws.amazon.com/powershell/latest/reference/items/pstoolsref-commonparams.html</uri></navigationLink></relatedLinks></command><command xmlns:maml="http://schemas.microsoft.com/maml/2004/10" xmlns:command="http://schemas.microsoft.com/maml/dev/command/2004/10" xmlns:dev="http://schemas.microsoft.com/maml/dev/2004/10"><details><name>Import-ACPApplicationUsage</name><description><para>Calls the Amazon ApplicationCostProfiler ImportApplicationUsage API operation.</para></description><verb>Import</verb><noun>ACPApplicationUsage</noun><copyright><para>&amp;copy; Copyright 2012 - 2022 Amazon.com, Inc.or its affiliates.All Rights Reserved.</para></copyright></details><description><para>Ingests application usage data from Amazon Simple Storage Service (Amazon S3). 
The data must already exist in the S3 location. As part of the action, AWS Application Cost Profiler copies the object from your S3 bucket to an S3 bucket owned by Amazon for processing asynchronously. </para></description><syntax><syntaxItem><name>Import-ACPApplicationUsage</name><parameter required="True" variableLength="false" globbing="false" pipelineInput="True (ByPropertyName)" position="Named"><name>SourceS3Location_Bucket</name><description><para>Name of the bucket. </para></description><parameterValue required="true" variableLength="false">System.String</parameterValue></parameter><parameter required="True" variableLength="false" globbing="false" pipelineInput="True (ByPropertyName)" position="Named"><name>SourceS3Location_Key</name><description><para>Key of the object. </para></description><parameterValue required="true" variableLength="false">System.String</parameterValue></parameter><parameter required="False" variableLength="false" globbing="false" pipelineInput="True (ByPropertyName)" position="Named"><name>SourceS3Location_Region</name><description><para>Region of the bucket. Only required for Regions that are disabled by default. For more infomration about Regions that are disabled by default, see <a href="https://docs.aws.amazon.com/general/latest/gr/rande-manage.html#rande-manage-enable"> Enabling a Region</a> in the <i>AWS General Reference guide</i>. </para></description><parameterValue required="true" variableLength="false">Amazon.ApplicationCostProfiler.S3BucketRegion</parameterValue></parameter><parameter required="False" variableLength="false" globbing="false" pipelineInput="True (ByPropertyName)" position="Named"><name>Select</name><description><para>Use the -Select parameter to control the cmdlet output. The default value is &#39;ImportId&#39;. Specifying -Select &#39;*&#39; will result in the cmdlet returning the whole service response (Amazon.ApplicationCostProfiler.Model.ImportApplicationUsageResponse). Specifying the name of a property of type Amazon.ApplicationCostProfiler.Model.ImportApplicationUsageResponse will result in that property being returned. Specifying -Select &#39;^ParameterName&#39; will result in the cmdlet returning the selected cmdlet parameter value. </para></description><parameterValue required="true" variableLength="false">System.String</parameterValue></parameter><parameter required="False" variableLength="false" globbing="false" pipelineInput="True (ByPropertyName)" position="Named"><name>Force</name><description><para>This parameter overrides confirmation prompts to force  the cmdlet to continue its operation. This parameter should always be used with caution. </para></description><parameterValue required="true" variableLength="false">System.Management.Automation.SwitchParameter</parameterValue></parameter><parameter required="False" variableLength="false" globbing="false" pipelineInput="True (ByPropertyName)" position="Named"><name>EndpointUrl</name><description><para>Amazon.PowerShell.Common.ServiceCmdlet.EndpointUrl </para></description><parameterValue required="true" variableLength="false">System.String</parameterValue></parameter><parameter required="False" variableLength="false" globbing="false" pipelineInput="True (ByPropertyName)" position="Named"><name>Region</name><description><para>Amazon.PowerShell.Common.AWSCommonArgumentsCmdlet.Region </para></description><parameterValue required="true" variableLength="false">System.Object</parameterValue></parameter><parameter required="False" variableLength="false" globbing="false" pipelineInput="True (ByPropertyName)" position="Named"><name>AccessKey</name><description><para>Amazon.PowerShell.Common.AWSCommonArgumentsCmdlet.AccessKey </para></description><parameterValue required="true" variableLength="false">System.String</parameterValue></parameter><parameter required="False" variableLength="false" globbing="false" pipelineInput="True (ByPropertyName)" position="Named"><name>SecretKey</name><description><para>Amazon.PowerShell.Common.AWSCommonArgumentsCmdlet.SecretKey </para></description><parameterValue required="true" variableLength="false">System.String</parameterValue></parameter><parameter required="False" variableLength="false" globbing="false" pipelineInput="True (ByPropertyName)" position="Named"><name>SessionToken</name><description><para>Amazon.PowerShell.Common.AWSCommonArgumentsCmdlet.SessionToken </para></description><parameterValue required="true" variableLength="false">System.String</parameterValue></parameter><parameter required="False" variableLength="false" globbing="false" pipelineInput="True (ByPropertyName)" position="Named"><name>ProfileName</name><description><para>Amazon.PowerShell.Common.AWSCommonArgumentsCmdlet.ProfileName </para></description><parameterValue required="true" variableLength="false">System.String</parameterValue></parameter><parameter required="False" variableLength="false" globbing="false" pipelineInput="True (ByPropertyName)" position="Named"><name>ProfileLocation</name><description><para>Amazon.PowerShell.Common.AWSCommonArgumentsCmdlet.ProfileLocation </para></description><parameterValue required="true" variableLength="false">System.String</parameterValue></parameter><parameter required="False" variableLength="false" globbing="false" pipelineInput="True (ByValue, ByPropertyName)" position="Named"><name>Credential</name><description><para>Amazon.PowerShell.Common.AWSCommonArgumentsCmdlet.Credential </para></description><parameterValue required="true" variableLength="false">Amazon.Runtime.AWSCredentials</parameterValue></parameter><parameter required="False" variableLength="false" globbing="false" pipelineInput="True (ByValue, ByPropertyName)" position="Named"><name>NetworkCredential</name><description><para>Amazon.PowerShell.Common.AWSCommonArgumentsCmdlet.NetworkCredential </para></description><parameterValue required="true" variableLength="false">System.Management.Automation.PSCredential</parameterValue></parameter></syntaxItem></syntax><parameters><parameter required="False" variableLength="false" globbing="false" pipelineInput="True (ByPropertyName)" position="Named"><name>AccessKey</name><description><para>Amazon.PowerShell.Common.AWSCommonArgumentsCmdlet.AccessKey </para></description><parameterValue required="true" variableLength="false">System.String</parameterValue><type><name>System.String</name><uri /></type><defaultValue>None</defaultValue></parameter><parameter required="False" variableLength="false" globbing="false" pipelineInput="True (ByValue, ByPropertyName)" position="Named"><name>Credential</name><description><para>Amazon.PowerShell.Common.AWSCommonArgumentsCmdlet.Credential </para></description><parameterValue required="true" variableLength="false">Amazon.Runtime.AWSCredentials</parameterValue><type><name>Amazon.Runtime.AWSCredentials</name><uri /></type><defaultValue>None</defaultValue></parameter><parameter required="False" variableLength="false" globbing="false" pipelineInput="True (ByPropertyName)" position="Named"><name>EndpointUrl</name><description><para>Amazon.PowerShell.Common.ServiceCmdlet.EndpointUrl </para></description><parameterValue required="true" variableLength="false">System.String</parameterValue><type><name>System.String</name><uri /></type><defaultValue>None</defaultValue></parameter><parameter required="False" variableLength="false" globbing="false" pipelineInput="True (ByPropertyName)" position="Named"><name>Force</name><description><para>This parameter overrides confirmation prompts to force  the cmdlet to continue its operation. This parameter should always be used with caution. </para></description><parameterValue required="true" variableLength="false">System.Management.Automation.SwitchParameter</parameterValue><type><name>System.Management.Automation.SwitchParameter</name><uri /></type><defaultValue>None</defaultValue></parameter><parameter required="False" variableLength="false" globbing="false" pipelineInput="True (ByValue, ByPropertyName)" position="Named"><name>NetworkCredential</name><description><para>Amazon.PowerShell.Common.AWSCommonArgumentsCmdlet.NetworkCredential </para></description><parameterValue required="true" variableLength="false">System.Management.Automation.PSCredential</parameterValue><type><name>System.Management.Automation.PSCredential</name><uri /></type><defaultValue>None</defaultValue></parameter><parameter required="False" variableLength="false" globbing="false" pipelineInput="True (ByPropertyName)" position="Named"><name>ProfileLocation</name><description><para>Amazon.PowerShell.Common.AWSCommonArgumentsCmdlet.ProfileLocation </para></description><parameterValue required="true" variableLength="false">System.String</parameterValue><type><name>System.String</name><uri /></type><defaultValue>None</defaultValue></parameter><parameter required="False" variableLength="false" globbing="false" pipelineInput="True (ByPropertyName)" position="Named"><name>ProfileName</name><description><para>Amazon.PowerShell.Common.AWSCommonArgumentsCmdlet.ProfileName </para></description><parameterValue required="true" variableLength="false">System.String</parameterValue><type><name>System.String</name><uri /></type><defaultValue>None</defaultValue></parameter><parameter required="False" variableLength="false" globbing="false" pipelineInput="True (ByPropertyName)" position="Named"><name>Region</name><description><para>Amazon.PowerShell.Common.AWSCommonArgumentsCmdlet.Region </para></description><parameterValue required="true" variableLength="false">System.Object</parameterValue><type><name>System.Object</name><uri /></type><defaultValue>None</defaultValue></parameter><parameter required="False" variableLength="false" globbing="false" pipelineInput="True (ByPropertyName)" position="Named"><name>SecretKey</name><description><para>Amazon.PowerShell.Common.AWSCommonArgumentsCmdlet.SecretKey </para></description><parameterValue required="true" variableLength="false">System.String</parameterValue><type><name>System.String</name><uri /></type><defaultValue>None</defaultValue></parameter><parameter required="False" variableLength="false" globbing="false" pipelineInput="True (ByPropertyName)" position="Named"><name>Select</name><description><para>Use the -Select parameter to control the cmdlet output. The default value is &#39;ImportId&#39;. Specifying -Select &#39;*&#39; will result in the cmdlet returning the whole service response (Amazon.ApplicationCostProfiler.Model.ImportApplicationUsageResponse). Specifying the name of a property of type Amazon.ApplicationCostProfiler.Model.ImportApplicationUsageResponse will result in that property being returned. Specifying -Select &#39;^ParameterName&#39; will result in the cmdlet returning the selected cmdlet parameter value. </para></description><parameterValue required="true" variableLength="false">System.String</parameterValue><type><name>System.String</name><uri /></type><defaultValue>None</defaultValue></parameter><parameter required="False" variableLength="false" globbing="false" pipelineInput="True (ByPropertyName)" position="Named"><name>SessionToken</name><description><para>Amazon.PowerShell.Common.AWSCommonArgumentsCmdlet.SessionToken </para></description><parameterValue required="true" variableLength="false">System.String</parameterValue><type><name>System.String</name><uri /></type><defaultValue>None</defaultValue></parameter><parameter required="True" variableLength="false" globbing="false" pipelineInput="True (ByPropertyName)" position="Named"><name>SourceS3Location_Bucket</name><description><para>Name of the bucket. </para></description><parameterValue required="true" variableLength="false">System.String</parameterValue><type><name>System.String</name><uri /></type><defaultValue>None</defaultValue></parameter><parameter required="True" variableLength="false" globbing="false" pipelineInput="True (ByPropertyName)" position="Named"><name>SourceS3Location_Key</name><description><para>Key of the object. </para></description><parameterValue required="true" variableLength="false">System.String</parameterValue><type><name>System.String</name><uri /></type><defaultValue>None</defaultValue></parameter><parameter required="False" variableLength="false" globbing="false" pipelineInput="True (ByPropertyName)" position="Named"><name>SourceS3Location_Region</name><description><para>Region of the bucket. Only required for Regions that are disabled by default. For more infomration about Regions that are disabled by default, see <a href="https://docs.aws.amazon.com/general/latest/gr/rande-manage.html#rande-manage-enable"> Enabling a Region</a> in the <i>AWS General Reference guide</i>. </para></description><parameterValue required="true" variableLength="false">Amazon.ApplicationCostProfiler.S3BucketRegion</parameterValue><type><name>Amazon.ApplicationCostProfiler.S3BucketRegion</name><uri /></type><defaultValue>None</defaultValue></parameter></parameters><returnValues><returnValue><type><name>System.String or Amazon.ApplicationCostProfiler.Model.ImportApplicationUsageResponse</name><uri /><description /></type><description><para>This cmdlet returns a System.String object.
The service call response (type Amazon.ApplicationCostProfiler.Model.ImportApplicationUsageResponse) can also be referenced from properties attached to the cmdlet entry in the $AWSHistory stack.</para></description></returnValue></returnValues><relatedLinks><navigationLink><linkText>Online version:</linkText><uri>http://docs.aws.amazon.com/powershell/latest/reference/index.html?page=Import-ACPApplicationUsage.html&amp;tocid=Import-ACPApplicationUsage</uri></navigationLink><navigationLink><linkText>Common credential and region parameters: </linkText><uri>http://docs.aws.amazon.com/powershell/latest/reference/items/pstoolsref-commonparams.html</uri></navigationLink></relatedLinks></command><command xmlns:maml="http://schemas.microsoft.com/maml/2004/10" xmlns:command="http://schemas.microsoft.com/maml/dev/command/2004/10" xmlns:dev="http://schemas.microsoft.com/maml/dev/2004/10"><details><name>Write-ACPReportDefinition</name><description><para>Calls the Amazon ApplicationCostProfiler PutReportDefinition API operation.</para></description><verb>Write</verb><noun>ACPReportDefinition</noun><copyright><para>&amp;copy; Copyright 2012 - 2022 Amazon.com, Inc.or its affiliates.All Rights Reserved.</para></copyright></details><description><para>Creates the report definition for a report in Application Cost Profiler. </para></description><syntax><syntaxItem><name>Write-ACPReportDefinition</name><parameter required="True" variableLength="false" globbing="false" pipelineInput="True (ByValue, ByPropertyName)" position="1"><name>ReportId</name><description><para>Required. ID of the report. You can choose any valid string matching the pattern for the ID. </para></description><parameterValue required="true" variableLength="false">System.String</parameterValue></parameter><parameter required="True" variableLength="false" globbing="false" pipelineInput="True (ByPropertyName)" position="Named"><name>DestinationS3Location_Bucket</name><description><para>Name of the S3 bucket. </para></description><parameterValue required="true" variableLength="false">System.String</parameterValue></parameter><parameter required="True" variableLength="false" globbing="false" pipelineInput="True (ByPropertyName)" position="Named"><name>Format</name><description><para>Required. The format to use for the generated report. </para></description><parameterValue required="true" variableLength="false">Amazon.ApplicationCostProfiler.Format</parameterValue></parameter><parameter required="True" variableLength="false" globbing="false" pipelineInput="True (ByPropertyName)" position="Named"><name>DestinationS3Location_Prefix</name><description><para>Prefix for the location to write to. </para></description><parameterValue required="true" variableLength="false">System.String</parameterValue></parameter><parameter required="True" variableLength="false" globbing="false" pipelineInput="True (ByPropertyName)" position="Named"><name>ReportDescription</name><description><para>Required. Description of the report. </para></description><parameterValue required="true" variableLength="false">System.String</parameterValue></parameter><parameter required="True" variableLength="false" globbing="false" pipelineInput="True (ByPropertyName)" position="Named"><name>ReportFrequency</name><description><para>Required. The cadence to generate the report. </para></description><parameterValue required="true" variableLength="false">Amazon.ApplicationCostProfiler.ReportFrequency</parameterValue></parameter><parameter required="False" variableLength="false" globbing="false" pipelineInput="True (ByPropertyName)" position="Named"><name>Select</name><description><para>Use the -Select parameter to control the cmdlet output. The default value is &#39;ReportId&#39;. Specifying -Select &#39;*&#39; will result in the cmdlet returning the whole service response (Amazon.ApplicationCostProfiler.Model.PutReportDefinitionResponse). Specifying the name of a property of type Amazon.ApplicationCostProfiler.Model.PutReportDefinitionResponse will result in that property being returned. Specifying -Select &#39;^ParameterName&#39; will result in the cmdlet returning the selected cmdlet parameter value. </para></description><parameterValue required="true" variableLength="false">System.String</parameterValue></parameter><parameter required="False" variableLength="false" globbing="false" pipelineInput="True (ByPropertyName)" position="Named"><name>PassThru</name><description><para>Changes the cmdlet behavior to return the value passed to the ReportId parameter. The -PassThru parameter is deprecated, use -Select &#39;^ReportId&#39; instead. This parameter will be removed in a future version. </para></description><parameterValue required="true" variableLength="false">System.Management.Automation.SwitchParameter</parameterValue></parameter><parameter required="False" variableLength="false" globbing="false" pipelineInput="True (ByPropertyName)" position="Named"><name>Force</name><description><para>This parameter overrides confirmation prompts to force  the cmdlet to continue its operation. This parameter should always be used with caution. </para></description><parameterValue required="true" variableLength="false">System.Management.Automation.SwitchParameter</parameterValue></parameter><parameter required="False" variableLength="false" globbing="false" pipelineInput="True (ByPropertyName)" position="Named"><name>EndpointUrl</name><description><para>Amazon.PowerShell.Common.ServiceCmdlet.EndpointUrl </para></description><parameterValue required="true" variableLength="false">System.String</parameterValue></parameter><parameter required="False" variableLength="false" globbing="false" pipelineInput="True (ByPropertyName)" position="Named"><name>Region</name><description><para>Amazon.PowerShell.Common.AWSCommonArgumentsCmdlet.Region </para></description><parameterValue required="true" variableLength="false">System.Object</parameterValue></parameter><parameter required="False" variableLength="false" globbing="false" pipelineInput="True (ByPropertyName)" position="Named"><name>AccessKey</name><description><para>Amazon.PowerShell.Common.AWSCommonArgumentsCmdlet.AccessKey </para></description><parameterValue required="true" variableLength="false">System.String</parameterValue></parameter><parameter required="False" variableLength="false" globbing="false" pipelineInput="True (ByPropertyName)" position="Named"><name>SecretKey</name><description><para>Amazon.PowerShell.Common.AWSCommonArgumentsCmdlet.SecretKey </para></description><parameterValue required="true" variableLength="false">System.String</parameterValue></parameter><parameter required="False" variableLength="false" globbing="false" pipelineInput="True (ByPropertyName)" position="Named"><name>SessionToken</name><description><para>Amazon.PowerShell.Common.AWSCommonArgumentsCmdlet.SessionToken </para></description><parameterValue required="true" variableLength="false">System.String</parameterValue></parameter><parameter required="False" variableLength="false" globbing="false" pipelineInput="True (ByPropertyName)" position="Named"><name>ProfileName</name><description><para>Amazon.PowerShell.Common.AWSCommonArgumentsCmdlet.ProfileName </para></description><parameterValue required="true" variableLength="false">System.String</parameterValue></parameter><parameter required="False" variableLength="false" globbing="false" pipelineInput="True (ByPropertyName)" position="Named"><name>ProfileLocation</name><description><para>Amazon.PowerShell.Common.AWSCommonArgumentsCmdlet.ProfileLocation </para></description><parameterValue required="true" variableLength="false">System.String</parameterValue></parameter><parameter required="False" variableLength="false" globbing="false" pipelineInput="True (ByValue, ByPropertyName)" position="Named"><name>Credential</name><description><para>Amazon.PowerShell.Common.AWSCommonArgumentsCmdlet.Credential </para></description><parameterValue required="true" variableLength="false">Amazon.Runtime.AWSCredentials</parameterValue></parameter><parameter required="False" variableLength="false" globbing="false" pipelineInput="True (ByValue, ByPropertyName)" position="Named"><name>NetworkCredential</name><description><para>Amazon.PowerShell.Common.AWSCommonArgumentsCmdlet.NetworkCredential </para></description><parameterValue required="true" variableLength="false">System.Management.Automation.PSCredential</parameterValue></parameter></syntaxItem></syntax><parameters><parameter required="False" variableLength="false" globbing="false" pipelineInput="True (ByPropertyName)" position="Named"><name>AccessKey</name><description><para>Amazon.PowerShell.Common.AWSCommonArgumentsCmdlet.AccessKey </para></description><parameterValue required="true" variableLength="false">System.String</parameterValue><type><name>System.String</name><uri /></type><defaultValue>None</defaultValue></parameter><parameter required="False" variableLength="false" globbing="false" pipelineInput="True (ByValue, ByPropertyName)" position="Named"><name>Credential</name><description><para>Amazon.PowerShell.Common.AWSCommonArgumentsCmdlet.Credential </para></description><parameterValue required="true" variableLength="false">Amazon.Runtime.AWSCredentials</parameterValue><type><name>Amazon.Runtime.AWSCredentials</name><uri /></type><defaultValue>None</defaultValue></parameter><parameter required="True" variableLength="false" globbing="false" pipelineInput="True (ByPropertyName)" position="Named"><name>DestinationS3Location_Bucket</name><description><para>Name of the S3 bucket. </para></description><parameterValue required="true" variableLength="false">System.String</parameterValue><type><name>System.String</name><uri /></type><defaultValue>None</defaultValue></parameter><parameter required="True" variableLength="false" globbing="false" pipelineInput="True (ByPropertyName)" position="Named"><name>DestinationS3Location_Prefix</name><description><para>Prefix for the location to write to. </para></description><parameterValue required="true" variableLength="false">System.String</parameterValue><type><name>System.String</name><uri /></type><defaultValue>None</defaultValue></parameter><parameter required="False" variableLength="false" globbing="false" pipelineInput="True (ByPropertyName)" position="Named"><name>EndpointUrl</name><description><para>Amazon.PowerShell.Common.ServiceCmdlet.EndpointUrl </para></description><parameterValue required="true" variableLength="false">System.String</parameterValue><type><name>System.String</name><uri /></type><defaultValue>None</defaultValue></parameter><parameter required="False" variableLength="false" globbing="false" pipelineInput="True (ByPropertyName)" position="Named"><name>Force</name><description><para>This parameter overrides confirmation prompts to force  the cmdlet to continue its operation. This parameter should always be used with caution. </para></description><parameterValue required="true" variableLength="false">System.Management.Automation.SwitchParameter</parameterValue><type><name>System.Management.Automation.SwitchParameter</name><uri /></type><defaultValue>None</defaultValue></parameter><parameter required="True" variableLength="false" globbing="false" pipelineInput="True (ByPropertyName)" position="Named"><name>Format</name><description><para>Required. The format to use for the generated report. </para></description><parameterValue required="true" variableLength="false">Amazon.ApplicationCostProfiler.Format</parameterValue><type><name>Amazon.ApplicationCostProfiler.Format</name><uri /></type><defaultValue>None</defaultValue></parameter><parameter required="False" variableLength="false" globbing="false" pipelineInput="True (ByValue, ByPropertyName)" position="Named"><name>NetworkCredential</name><description><para>Amazon.PowerShell.Common.AWSCommonArgumentsCmdlet.NetworkCredential </para></description><parameterValue required="true" variableLength="false">System.Management.Automation.PSCredential</parameterValue><type><name>System.Management.Automation.PSCredential</name><uri /></type><defaultValue>None</defaultValue></parameter><parameter required="False" variableLength="false" globbing="false" pipelineInput="True (ByPropertyName)" position="Named"><name>PassThru</name><description><para>Changes the cmdlet behavior to return the value passed to the ReportId parameter. The -PassThru parameter is deprecated, use -Select &#39;^ReportId&#39; instead. This parameter will be removed in a future version. </para></description><parameterValue required="true" variableLength="false">System.Management.Automation.SwitchParameter</parameterValue><type><name>System.Management.Automation.SwitchParameter</name><uri /></type><defaultValue>None</defaultValue></parameter><parameter required="False" variableLength="false" globbing="false" pipelineInput="True (ByPropertyName)" position="Named"><name>ProfileLocation</name><description><para>Amazon.PowerShell.Common.AWSCommonArgumentsCmdlet.ProfileLocation </para></description><parameterValue required="true" variableLength="false">System.String</parameterValue><type><name>System.String</name><uri /></type><defaultValue>None</defaultValue></parameter><parameter required="False" variableLength="false" globbing="false" pipelineInput="True (ByPropertyName)" position="Named"><name>ProfileName</name><description><para>Amazon.PowerShell.Common.AWSCommonArgumentsCmdlet.ProfileName </para></description><parameterValue required="true" variableLength="false">System.String</parameterValue><type><name>System.String</name><uri /></type><defaultValue>None</defaultValue></parameter><parameter required="False" variableLength="false" globbing="false" pipelineInput="True (ByPropertyName)" position="Named"><name>Region</name><description><para>Amazon.PowerShell.Common.AWSCommonArgumentsCmdlet.Region </para></description><parameterValue required="true" variableLength="false">System.Object</parameterValue><type><name>System.Object</name><uri /></type><defaultValue>None</defaultValue></parameter><parameter required="True" variableLength="false" globbing="false" pipelineInput="True (ByPropertyName)" position="Named"><name>ReportDescription</name><description><para>Required. Description of the report. </para></description><parameterValue required="true" variableLength="false">System.String</parameterValue><type><name>System.String</name><uri /></type><defaultValue>None</defaultValue></parameter><parameter required="True" variableLength="false" globbing="false" pipelineInput="True (ByPropertyName)" position="Named"><name>ReportFrequency</name><description><para>Required. The cadence to generate the report. </para></description><parameterValue required="true" variableLength="false">Amazon.ApplicationCostProfiler.ReportFrequency</parameterValue><type><name>Amazon.ApplicationCostProfiler.ReportFrequency</name><uri /></type><defaultValue>None</defaultValue></parameter><parameter required="True" variableLength="false" globbing="false" pipelineInput="True (ByValue, ByPropertyName)" position="1"><name>ReportId</name><description><para>Required. ID of the report. You can choose any valid string matching the pattern for the ID. </para></description><parameterValue required="true" variableLength="false">System.String</parameterValue><type><name>System.String</name><uri /></type><defaultValue>None</defaultValue></parameter><parameter required="False" variableLength="false" globbing="false" pipelineInput="True (ByPropertyName)" position="Named"><name>SecretKey</name><description><para>Amazon.PowerShell.Common.AWSCommonArgumentsCmdlet.SecretKey </para></description><parameterValue required="true" variableLength="false">System.String</parameterValue><type><name>System.String</name><uri /></type><defaultValue>None</defaultValue></parameter><parameter required="False" variableLength="false" globbing="false" pipelineInput="True (ByPropertyName)" position="Named"><name>Select</name><description><para>Use the -Select parameter to control the cmdlet output. The default value is &#39;ReportId&#39;. Specifying -Select &#39;*&#39; will result in the cmdlet returning the whole service response (Amazon.ApplicationCostProfiler.Model.PutReportDefinitionResponse). Specifying the name of a property of type Amazon.ApplicationCostProfiler.Model.PutReportDefinitionResponse will result in that property being returned. Specifying -Select &#39;^ParameterName&#39; will result in the cmdlet returning the selected cmdlet parameter value. </para></description><parameterValue required="true" variableLength="false">System.String</parameterValue><type><name>System.String</name><uri /></type><defaultValue>None</defaultValue></parameter><parameter required="False" variableLength="false" globbing="false" pipelineInput="True (ByPropertyName)" position="Named"><name>SessionToken</name><description><para>Amazon.PowerShell.Common.AWSCommonArgumentsCmdlet.SessionToken </para></description><parameterValue required="true" variableLength="false">System.String</parameterValue><type><name>System.String</name><uri /></type><defaultValue>None</defaultValue></parameter></parameters><returnValues><returnValue><type><name>System.String or Amazon.ApplicationCostProfiler.Model.PutReportDefinitionResponse</name><uri /><description /></type><description><para>This cmdlet returns a System.String object.
The service call response (type Amazon.ApplicationCostProfiler.Model.PutReportDefinitionResponse) can also be referenced from properties attached to the cmdlet entry in the $AWSHistory stack.</para></description></returnValue></returnValues><relatedLinks><navigationLink><linkText>Online version:</linkText><uri>http://docs.aws.amazon.com/powershell/latest/reference/index.html?page=Write-ACPReportDefinition.html&amp;tocid=Write-ACPReportDefinition</uri></navigationLink><navigationLink><linkText>Common credential and region parameters: </linkText><uri>http://docs.aws.amazon.com/powershell/latest/reference/items/pstoolsref-commonparams.html</uri></navigationLink></relatedLinks></command><command xmlns:maml="http://schemas.microsoft.com/maml/2004/10" xmlns:command="http://schemas.microsoft.com/maml/dev/command/2004/10" xmlns:dev="http://schemas.microsoft.com/maml/dev/2004/10"><details><name>Remove-ACPReportDefinition</name><description><para>Calls the Amazon ApplicationCostProfiler DeleteReportDefinition API operation.</para></description><verb>Remove</verb><noun>ACPReportDefinition</noun><copyright><para>&amp;copy; Copyright 2012 - 2022 Amazon.com, Inc.or its affiliates.All Rights Reserved.</para></copyright></details><description><para>Deletes the specified report definition in AWS Application Cost Profiler. This stops the report from being generated. </para></description><syntax><syntaxItem><name>Remove-ACPReportDefinition</name><parameter required="True" variableLength="false" globbing="false" pipelineInput="True (ByValue, ByPropertyName)" position="1"><name>ReportId</name><description><para>Required. ID of the report to delete. </para></description><parameterValue required="true" variableLength="false">System.String</parameterValue></parameter><parameter required="False" variableLength="false" globbing="false" pipelineInput="True (ByPropertyName)" position="Named"><name>Select</name><description><para>Use the -Select parameter to control the cmdlet output. The default value is &#39;ReportId&#39;. Specifying -Select &#39;*&#39; will result in the cmdlet returning the whole service response (Amazon.ApplicationCostProfiler.Model.DeleteReportDefinitionResponse). Specifying the name of a property of type Amazon.ApplicationCostProfiler.Model.DeleteReportDefinitionResponse will result in that property being returned. Specifying -Select &#39;^ParameterName&#39; will result in the cmdlet returning the selected cmdlet parameter value. </para></description><parameterValue required="true" variableLength="false">System.String</parameterValue></parameter><parameter required="False" variableLength="false" globbing="false" pipelineInput="True (ByPropertyName)" position="Named"><name>PassThru</name><description><para>Changes the cmdlet behavior to return the value passed to the ReportId parameter. The -PassThru parameter is deprecated, use -Select &#39;^ReportId&#39; instead. This parameter will be removed in a future version. </para></description><parameterValue required="true" variableLength="false">System.Management.Automation.SwitchParameter</parameterValue></parameter><parameter required="False" variableLength="false" globbing="false" pipelineInput="True (ByPropertyName)" position="Named"><name>Force</name><description><para>This parameter overrides confirmation prompts to force  the cmdlet to continue its operation. This parameter should always be used with caution. </para></description><parameterValue required="true" variableLength="false">System.Management.Automation.SwitchParameter</parameterValue></parameter><parameter required="False" variableLength="false" globbing="false" pipelineInput="True (ByPropertyName)" position="Named"><name>EndpointUrl</name><description><para>Amazon.PowerShell.Common.ServiceCmdlet.EndpointUrl </para></description><parameterValue required="true" variableLength="false">System.String</parameterValue></parameter><parameter required="False" variableLength="false" globbing="false" pipelineInput="True (ByPropertyName)" position="Named"><name>Region</name><description><para>Amazon.PowerShell.Common.AWSCommonArgumentsCmdlet.Region </para></description><parameterValue required="true" variableLength="false">System.Object</parameterValue></parameter><parameter required="False" variableLength="false" globbing="false" pipelineInput="True (ByPropertyName)" position="Named"><name>AccessKey</name><description><para>Amazon.PowerShell.Common.AWSCommonArgumentsCmdlet.AccessKey </para></description><parameterValue required="true" variableLength="false">System.String</parameterValue></parameter><parameter required="False" variableLength="false" globbing="false" pipelineInput="True (ByPropertyName)" position="Named"><name>SecretKey</name><description><para>Amazon.PowerShell.Common.AWSCommonArgumentsCmdlet.SecretKey </para></description><parameterValue required="true" variableLength="false">System.String</parameterValue></parameter><parameter required="False" variableLength="false" globbing="false" pipelineInput="True (ByPropertyName)" position="Named"><name>SessionToken</name><description><para>Amazon.PowerShell.Common.AWSCommonArgumentsCmdlet.SessionToken </para></description><parameterValue required="true" variableLength="false">System.String</parameterValue></parameter><parameter required="False" variableLength="false" globbing="false" pipelineInput="True (ByPropertyName)" position="Named"><name>ProfileName</name><description><para>Amazon.PowerShell.Common.AWSCommonArgumentsCmdlet.ProfileName </para></description><parameterValue required="true" variableLength="false">System.String</parameterValue></parameter><parameter required="False" variableLength="false" globbing="false" pipelineInput="True (ByPropertyName)" position="Named"><name>ProfileLocation</name><description><para>Amazon.PowerShell.Common.AWSCommonArgumentsCmdlet.ProfileLocation </para></description><parameterValue required="true" variableLength="false">System.String</parameterValue></parameter><parameter required="False" variableLength="false" globbing="false" pipelineInput="True (ByValue, ByPropertyName)" position="Named"><name>Credential</name><description><para>Amazon.PowerShell.Common.AWSCommonArgumentsCmdlet.Credential </para></description><parameterValue required="true" variableLength="false">Amazon.Runtime.AWSCredentials</parameterValue></parameter><parameter required="False" variableLength="false" globbing="false" pipelineInput="True (ByValue, ByPropertyName)" position="Named"><name>NetworkCredential</name><description><para>Amazon.PowerShell.Common.AWSCommonArgumentsCmdlet.NetworkCredential </para></description><parameterValue required="true" variableLength="false">System.Management.Automation.PSCredential</parameterValue></parameter></syntaxItem></syntax><parameters><parameter required="False" variableLength="false" globbing="false" pipelineInput="True (ByPropertyName)" position="Named"><name>AccessKey</name><description><para>Amazon.PowerShell.Common.AWSCommonArgumentsCmdlet.AccessKey </para></description><parameterValue required="true" variableLength="false">System.String</parameterValue><type><name>System.String</name><uri /></type><defaultValue>None</defaultValue></parameter><parameter required="False" variableLength="false" globbing="false" pipelineInput="True (ByValue, ByPropertyName)" position="Named"><name>Credential</name><description><para>Amazon.PowerShell.Common.AWSCommonArgumentsCmdlet.Credential </para></description><parameterValue required="true" variableLength="false">Amazon.Runtime.AWSCredentials</parameterValue><type><name>Amazon.Runtime.AWSCredentials</name><uri /></type><defaultValue>None</defaultValue></parameter><parameter required="False" variableLength="false" globbing="false" pipelineInput="True (ByPropertyName)" position="Named"><name>EndpointUrl</name><description><para>Amazon.PowerShell.Common.ServiceCmdlet.EndpointUrl </para></description><parameterValue required="true" variableLength="false">System.String</parameterValue><type><name>System.String</name><uri /></type><defaultValue>None</defaultValue></parameter><parameter required="False" variableLength="false" globbing="false" pipelineInput="True (ByPropertyName)" position="Named"><name>Force</name><description><para>This parameter overrides confirmation prompts to force  the cmdlet to continue its operation. This parameter should always be used with caution. </para></description><parameterValue required="true" variableLength="false">System.Management.Automation.SwitchParameter</parameterValue><type><name>System.Management.Automation.SwitchParameter</name><uri /></type><defaultValue>None</defaultValue></parameter><parameter required="False" variableLength="false" globbing="false" pipelineInput="True (ByValue, ByPropertyName)" position="Named"><name>NetworkCredential</name><description><para>Amazon.PowerShell.Common.AWSCommonArgumentsCmdlet.NetworkCredential </para></description><parameterValue required="true" variableLength="false">System.Management.Automation.PSCredential</parameterValue><type><name>System.Management.Automation.PSCredential</name><uri /></type><defaultValue>None</defaultValue></parameter><parameter required="False" variableLength="false" globbing="false" pipelineInput="True (ByPropertyName)" position="Named"><name>PassThru</name><description><para>Changes the cmdlet behavior to return the value passed to the ReportId parameter. The -PassThru parameter is deprecated, use -Select &#39;^ReportId&#39; instead. This parameter will be removed in a future version. </para></description><parameterValue required="true" variableLength="false">System.Management.Automation.SwitchParameter</parameterValue><type><name>System.Management.Automation.SwitchParameter</name><uri /></type><defaultValue>None</defaultValue></parameter><parameter required="False" variableLength="false" globbing="false" pipelineInput="True (ByPropertyName)" position="Named"><name>ProfileLocation</name><description><para>Amazon.PowerShell.Common.AWSCommonArgumentsCmdlet.ProfileLocation </para></description><parameterValue required="true" variableLength="false">System.String</parameterValue><type><name>System.String</name><uri /></type><defaultValue>None</defaultValue></parameter><parameter required="False" variableLength="false" globbing="false" pipelineInput="True (ByPropertyName)" position="Named"><name>ProfileName</name><description><para>Amazon.PowerShell.Common.AWSCommonArgumentsCmdlet.ProfileName </para></description><parameterValue required="true" variableLength="false">System.String</parameterValue><type><name>System.String</name><uri /></type><defaultValue>None</defaultValue></parameter><parameter required="False" variableLength="false" globbing="false" pipelineInput="True (ByPropertyName)" position="Named"><name>Region</name><description><para>Amazon.PowerShell.Common.AWSCommonArgumentsCmdlet.Region </para></description><parameterValue required="true" variableLength="false">System.Object</parameterValue><type><name>System.Object</name><uri /></type><defaultValue>None</defaultValue></parameter><parameter required="True" variableLength="false" globbing="false" pipelineInput="True (ByValue, ByPropertyName)" position="1"><name>ReportId</name><description><para>Required. ID of the report to delete. </para></description><parameterValue required="true" variableLength="false">System.String</parameterValue><type><name>System.String</name><uri /></type><defaultValue>None</defaultValue></parameter><parameter required="False" variableLength="false" globbing="false" pipelineInput="True (ByPropertyName)" position="Named"><name>SecretKey</name><description><para>Amazon.PowerShell.Common.AWSCommonArgumentsCmdlet.SecretKey </para></description><parameterValue required="true" variableLength="false">System.String</parameterValue><type><name>System.String</name><uri /></type><defaultValue>None</defaultValue></parameter><parameter required="False" variableLength="false" globbing="false" pipelineInput="True (ByPropertyName)" position="Named"><name>Select</name><description><para>Use the -Select parameter to control the cmdlet output. The default value is &#39;ReportId&#39;. Specifying -Select &#39;*&#39; will result in the cmdlet returning the whole service response (Amazon.ApplicationCostProfiler.Model.DeleteReportDefinitionResponse). Specifying the name of a property of type Amazon.ApplicationCostProfiler.Model.DeleteReportDefinitionResponse will result in that property being returned. Specifying -Select &#39;^ParameterName&#39; will result in the cmdlet returning the selected cmdlet parameter value. </para></description><parameterValue required="true" variableLength="false">System.String</parameterValue><type><name>System.String</name><uri /></type><defaultValue>None</defaultValue></parameter><parameter required="False" variableLength="false" globbing="false" pipelineInput="True (ByPropertyName)" position="Named"><name>SessionToken</name><description><para>Amazon.PowerShell.Common.AWSCommonArgumentsCmdlet.SessionToken </para></description><parameterValue required="true" variableLength="false">System.String</parameterValue><type><name>System.String</name><uri /></type><defaultValue>None</defaultValue></parameter></parameters><returnValues><returnValue><type><name>System.String or Amazon.ApplicationCostProfiler.Model.DeleteReportDefinitionResponse</name><uri /><description /></type><description><para>This cmdlet returns a System.String object.
The service call response (type Amazon.ApplicationCostProfiler.Model.DeleteReportDefinitionResponse) can also be referenced from properties attached to the cmdlet entry in the $AWSHistory stack.</para></description></returnValue></returnValues><relatedLinks><navigationLink><linkText>Online version:</linkText><uri>http://docs.aws.amazon.com/powershell/latest/reference/index.html?page=Remove-ACPReportDefinition.html&amp;tocid=Remove-ACPReportDefinition</uri></navigationLink><navigationLink><linkText>Common credential and region parameters: </linkText><uri>http://docs.aws.amazon.com/powershell/latest/reference/items/pstoolsref-commonparams.html</uri></navigationLink></relatedLinks></command><command xmlns:maml="http://schemas.microsoft.com/maml/2004/10" xmlns:command="http://schemas.microsoft.com/maml/dev/command/2004/10" xmlns:dev="http://schemas.microsoft.com/maml/dev/2004/10"><details><name>Get-ACPReportDefinition</name><description><para>Calls the Amazon ApplicationCostProfiler GetReportDefinition API operation.</para></description><verb>Get</verb><noun>ACPReportDefinition</noun><copyright><para>&amp;copy; Copyright 2012 - 2022 Amazon.com, Inc.or its affiliates.All Rights Reserved.</para></copyright></details><description><para>Retrieves the definition of a report already configured in AWS Application Cost Profiler. </para></description><syntax><syntaxItem><name>Get-ACPReportDefinition</name><parameter required="True" variableLength="false" globbing="false" pipelineInput="True (ByValue, ByPropertyName)" position="1"><name>ReportId</name><description><para>ID of the report to retrieve. </para></description><parameterValue required="true" variableLength="false">System.String</parameterValue></parameter><parameter required="False" variableLength="false" globbing="false" pipelineInput="True (ByPropertyName)" position="Named"><name>Select</name><description><para>Use the -Select parameter to control the cmdlet output. The default value is &#39;*&#39;. Specifying -Select &#39;*&#39; will result in the cmdlet returning the whole service response (Amazon.ApplicationCostProfiler.Model.GetReportDefinitionResponse). Specifying the name of a property of type Amazon.ApplicationCostProfiler.Model.GetReportDefinitionResponse will result in that property being returned. Specifying -Select &#39;^ParameterName&#39; will result in the cmdlet returning the selected cmdlet parameter value. </para></description><parameterValue required="true" variableLength="false">System.String</parameterValue></parameter><parameter required="False" variableLength="false" globbing="false" pipelineInput="True (ByPropertyName)" position="Named"><name>PassThru</name><description><para>Changes the cmdlet behavior to return the value passed to the ReportId parameter. The -PassThru parameter is deprecated, use -Select &#39;^ReportId&#39; instead. This parameter will be removed in a future version. </para></description><parameterValue required="true" variableLength="false">System.Management.Automation.SwitchParameter</parameterValue></parameter><parameter required="False" variableLength="false" globbing="false" pipelineInput="True (ByPropertyName)" position="Named"><name>EndpointUrl</name><description><para>Amazon.PowerShell.Common.ServiceCmdlet.EndpointUrl </para></description><parameterValue required="true" variableLength="false">System.String</parameterValue></parameter><parameter required="False" variableLength="false" globbing="false" pipelineInput="True (ByPropertyName)" position="Named"><name>Region</name><description><para>Amazon.PowerShell.Common.AWSCommonArgumentsCmdlet.Region </para></description><parameterValue required="true" variableLength="false">System.Object</parameterValue></parameter><parameter required="False" variableLength="false" globbing="false" pipelineInput="True (ByPropertyName)" position="Named"><name>AccessKey</name><description><para>Amazon.PowerShell.Common.AWSCommonArgumentsCmdlet.AccessKey </para></description><parameterValue required="true" variableLength="false">System.String</parameterValue></parameter><parameter required="False" variableLength="false" globbing="false" pipelineInput="True (ByPropertyName)" position="Named"><name>SecretKey</name><description><para>Amazon.PowerShell.Common.AWSCommonArgumentsCmdlet.SecretKey </para></description><parameterValue required="true" variableLength="false">System.String</parameterValue></parameter><parameter required="False" variableLength="false" globbing="false" pipelineInput="True (ByPropertyName)" position="Named"><name>SessionToken</name><description><para>Amazon.PowerShell.Common.AWSCommonArgumentsCmdlet.SessionToken </para></description><parameterValue required="true" variableLength="false">System.String</parameterValue></parameter><parameter required="False" variableLength="false" globbing="false" pipelineInput="True (ByPropertyName)" position="Named"><name>ProfileName</name><description><para>Amazon.PowerShell.Common.AWSCommonArgumentsCmdlet.ProfileName </para></description><parameterValue required="true" variableLength="false">System.String</parameterValue></parameter><parameter required="False" variableLength="false" globbing="false" pipelineInput="True (ByPropertyName)" position="Named"><name>ProfileLocation</name><description><para>Amazon.PowerShell.Common.AWSCommonArgumentsCmdlet.ProfileLocation </para></description><parameterValue required="true" variableLength="false">System.String</parameterValue></parameter><parameter required="False" variableLength="false" globbing="false" pipelineInput="True (ByValue, ByPropertyName)" position="Named"><name>Credential</name><description><para>Amazon.PowerShell.Common.AWSCommonArgumentsCmdlet.Credential </para></description><parameterValue required="true" variableLength="false">Amazon.Runtime.AWSCredentials</parameterValue></parameter><parameter required="False" variableLength="false" globbing="false" pipelineInput="True (ByValue, ByPropertyName)" position="Named"><name>NetworkCredential</name><description><para>Amazon.PowerShell.Common.AWSCommonArgumentsCmdlet.NetworkCredential </para></description><parameterValue required="true" variableLength="false">System.Management.Automation.PSCredential</parameterValue></parameter></syntaxItem></syntax><parameters><parameter required="False" variableLength="false" globbing="false" pipelineInput="True (ByPropertyName)" position="Named"><name>AccessKey</name><description><para>Amazon.PowerShell.Common.AWSCommonArgumentsCmdlet.AccessKey </para></description><parameterValue required="true" variableLength="false">System.String</parameterValue><type><name>System.String</name><uri /></type><defaultValue>None</defaultValue></parameter><parameter required="False" variableLength="false" globbing="false" pipelineInput="True (ByValue, ByPropertyName)" position="Named"><name>Credential</name><description><para>Amazon.PowerShell.Common.AWSCommonArgumentsCmdlet.Credential </para></description><parameterValue required="true" variableLength="false">Amazon.Runtime.AWSCredentials</parameterValue><type><name>Amazon.Runtime.AWSCredentials</name><uri /></type><defaultValue>None</defaultValue></parameter><parameter required="False" variableLength="false" globbing="false" pipelineInput="True (ByPropertyName)" position="Named"><name>EndpointUrl</name><description><para>Amazon.PowerShell.Common.ServiceCmdlet.EndpointUrl </para></description><parameterValue required="true" variableLength="false">System.String</parameterValue><type><name>System.String</name><uri /></type><defaultValue>None</defaultValue></parameter><parameter required="False" variableLength="false" globbing="false" pipelineInput="True (ByValue, ByPropertyName)" position="Named"><name>NetworkCredential</name><description><para>Amazon.PowerShell.Common.AWSCommonArgumentsCmdlet.NetworkCredential </para></description><parameterValue required="true" variableLength="false">System.Management.Automation.PSCredential</parameterValue><type><name>System.Management.Automation.PSCredential</name><uri /></type><defaultValue>None</defaultValue></parameter><parameter required="False" variableLength="false" globbing="false" pipelineInput="True (ByPropertyName)" position="Named"><name>PassThru</name><description><para>Changes the cmdlet behavior to return the value passed to the ReportId parameter. The -PassThru parameter is deprecated, use -Select &#39;^ReportId&#39; instead. This parameter will be removed in a future version. </para></description><parameterValue required="true" variableLength="false">System.Management.Automation.SwitchParameter</parameterValue><type><name>System.Management.Automation.SwitchParameter</name><uri /></type><defaultValue>None</defaultValue></parameter><parameter required="False" variableLength="false" globbing="false" pipelineInput="True (ByPropertyName)" position="Named"><name>ProfileLocation</name><description><para>Amazon.PowerShell.Common.AWSCommonArgumentsCmdlet.ProfileLocation </para></description><parameterValue required="true" variableLength="false">System.String</parameterValue><type><name>System.String</name><uri /></type><defaultValue>None</defaultValue></parameter><parameter required="False" variableLength="false" globbing="false" pipelineInput="True (ByPropertyName)" position="Named"><name>ProfileName</name><description><para>Amazon.PowerShell.Common.AWSCommonArgumentsCmdlet.ProfileName </para></description><parameterValue required="true" variableLength="false">System.String</parameterValue><type><name>System.String</name><uri /></type><defaultValue>None</defaultValue></parameter><parameter required="False" variableLength="false" globbing="false" pipelineInput="True (ByPropertyName)" position="Named"><name>Region</name><description><para>Amazon.PowerShell.Common.AWSCommonArgumentsCmdlet.Region </para></description><parameterValue required="true" variableLength="false">System.Object</parameterValue><type><name>System.Object</name><uri /></type><defaultValue>None</defaultValue></parameter><parameter required="True" variableLength="false" globbing="false" pipelineInput="True (ByValue, ByPropertyName)" position="1"><name>ReportId</name><description><para>ID of the report to retrieve. </para></description><parameterValue required="true" variableLength="false">System.String</parameterValue><type><name>System.String</name><uri /></type><defaultValue>None</defaultValue></parameter><parameter required="False" variableLength="false" globbing="false" pipelineInput="True (ByPropertyName)" position="Named"><name>SecretKey</name><description><para>Amazon.PowerShell.Common.AWSCommonArgumentsCmdlet.SecretKey </para></description><parameterValue required="true" variableLength="false">System.String</parameterValue><type><name>System.String</name><uri /></type><defaultValue>None</defaultValue></parameter><parameter required="False" variableLength="false" globbing="false" pipelineInput="True (ByPropertyName)" position="Named"><name>Select</name><description><para>Use the -Select parameter to control the cmdlet output. The default value is &#39;*&#39;. Specifying -Select &#39;*&#39; will result in the cmdlet returning the whole service response (Amazon.ApplicationCostProfiler.Model.GetReportDefinitionResponse). Specifying the name of a property of type Amazon.ApplicationCostProfiler.Model.GetReportDefinitionResponse will result in that property being returned. Specifying -Select &#39;^ParameterName&#39; will result in the cmdlet returning the selected cmdlet parameter value. </para></description><parameterValue required="true" variableLength="false">System.String</parameterValue><type><name>System.String</name><uri /></type><defaultValue>None</defaultValue></parameter><parameter required="False" variableLength="false" globbing="false" pipelineInput="True (ByPropertyName)" position="Named"><name>SessionToken</name><description><para>Amazon.PowerShell.Common.AWSCommonArgumentsCmdlet.SessionToken </para></description><parameterValue required="true" variableLength="false">System.String</parameterValue><type><name>System.String</name><uri /></type><defaultValue>None</defaultValue></parameter></parameters><returnValues><returnValue><type><name>Amazon.ApplicationCostProfiler.Model.GetReportDefinitionResponse</name><uri /><description /></type><description><para>This cmdlet returns an Amazon.ApplicationCostProfiler.Model.GetReportDefinitionResponse object containing multiple properties. The object can also be referenced from properties attached to the cmdlet entry in the $AWSHistory stack.</para></description></returnValue></returnValues><relatedLinks><navigationLink><linkText>Online version:</linkText><uri>http://docs.aws.amazon.com/powershell/latest/reference/index.html?page=Get-ACPReportDefinition.html&amp;tocid=Get-ACPReportDefinition</uri></navigationLink><navigationLink><linkText>Common credential and region parameters: </linkText><uri>http://docs.aws.amazon.com/powershell/latest/reference/items/pstoolsref-commonparams.html</uri></navigationLink></relatedLinks></command></helpItems>