﻿<helpItems schema="maml"><command xmlns:maml="http://schemas.microsoft.com/maml/2004/10" xmlns:command="http://schemas.microsoft.com/maml/dev/command/2004/10" xmlns:dev="http://schemas.microsoft.com/maml/dev/2004/10"><details><name>Get-CCLRealtimeContactAnalysisSegmentList</name><description><para>Calls the Amazon Connect Contact Lens ListRealtimeContactAnalysisSegments API operation.</para></description><verb>Get</verb><noun>CCLRealtimeContactAnalysisSegmentList</noun><copyright><para>&amp;copy; Copyright 2012 - 2022 Amazon.com, Inc.or its affiliates.All Rights Reserved.</para></copyright></details><description><para>Provides a list of analysis segments for a real-time analysis session.<br /><br />This cmdlet automatically pages all available results to the pipeline - parameters related to iteration are only needed if you want to manually control the paginated output. To disable autopagination, use -NoAutoIteration. </para></description><syntax><syntaxItem><name>Get-CCLRealtimeContactAnalysisSegmentList</name><parameter required="True" variableLength="false" globbing="false" pipelineInput="True (ByValue, ByPropertyName)" position="1"><name>ContactId</name><description><para>The identifier of the contact. </para></description><parameterValue required="true" variableLength="false">System.String</parameterValue></parameter><parameter required="True" variableLength="false" globbing="false" pipelineInput="True (ByPropertyName)" position="Named"><name>InstanceId</name><description><para>The identifier of the Amazon Connect instance. </para></description><parameterValue required="true" variableLength="false">System.String</parameterValue></parameter><parameter required="False" variableLength="false" globbing="false" pipelineInput="True (ByPropertyName)" position="Named"><name>MaxResult</name><description><para>The maximimum number of results to return per page. </para></description><parameterValue required="true" variableLength="false">System.Int32</parameterValue></parameter><parameter required="False" variableLength="false" globbing="false" pipelineInput="True (ByPropertyName)" position="Named"><name>NextToken</name><description><para>The token for the next set of results. Use the value returned in the previous response in the next request to retrieve the next set of results. 
<br /><b>Note:</b> This parameter is only used if you are manually controlling output pagination of the service API call. <br />In order to manually control output pagination, use &#39;-NextToken $null&#39; for the first call and &#39;-NextToken $AWSHistory.LastServiceResponse.NextToken&#39; for subsequent calls. </para></description><parameterValue required="true" variableLength="false">System.String</parameterValue></parameter><parameter required="False" variableLength="false" globbing="false" pipelineInput="True (ByPropertyName)" position="Named"><name>Select</name><description><para>Use the -Select parameter to control the cmdlet output. The default value is &#39;Segments&#39;. Specifying -Select &#39;*&#39; will result in the cmdlet returning the whole service response (Amazon.ConnectContactLens.Model.ListRealtimeContactAnalysisSegmentsResponse). Specifying the name of a property of type Amazon.ConnectContactLens.Model.ListRealtimeContactAnalysisSegmentsResponse will result in that property being returned. Specifying -Select &#39;^ParameterName&#39; will result in the cmdlet returning the selected cmdlet parameter value. </para></description><parameterValue required="true" variableLength="false">System.String</parameterValue></parameter><parameter required="False" variableLength="false" globbing="false" pipelineInput="True (ByPropertyName)" position="Named"><name>PassThru</name><description><para>Changes the cmdlet behavior to return the value passed to the ContactId parameter. The -PassThru parameter is deprecated, use -Select &#39;^ContactId&#39; instead. This parameter will be removed in a future version. </para></description><parameterValue required="true" variableLength="false">System.Management.Automation.SwitchParameter</parameterValue></parameter><parameter required="False" variableLength="false" globbing="false" pipelineInput="True (ByPropertyName)" position="Named"><name>NoAutoIteration</name><description><para>By default the cmdlet will auto-iterate and retrieve all results to the pipeline by performing multiple service calls. If set, the cmdlet will retrieve only the next &#39;page&#39; of results using the value of NextToken as the start point. </para></description><parameterValue required="true" variableLength="false">System.Management.Automation.SwitchParameter</parameterValue></parameter><parameter required="False" variableLength="false" globbing="false" pipelineInput="True (ByPropertyName)" position="Named"><name>EndpointUrl</name><description><para>Amazon.PowerShell.Common.ServiceCmdlet.EndpointUrl </para></description><parameterValue required="true" variableLength="false">System.String</parameterValue></parameter><parameter required="False" variableLength="false" globbing="false" pipelineInput="True (ByPropertyName)" position="Named"><name>Region</name><description><para>Amazon.PowerShell.Common.AWSCommonArgumentsCmdlet.Region </para></description><parameterValue required="true" variableLength="false">System.Object</parameterValue></parameter><parameter required="False" variableLength="false" globbing="false" pipelineInput="True (ByPropertyName)" position="Named"><name>AccessKey</name><description><para>Amazon.PowerShell.Common.AWSCommonArgumentsCmdlet.AccessKey </para></description><parameterValue required="true" variableLength="false">System.String</parameterValue></parameter><parameter required="False" variableLength="false" globbing="false" pipelineInput="True (ByPropertyName)" position="Named"><name>SecretKey</name><description><para>Amazon.PowerShell.Common.AWSCommonArgumentsCmdlet.SecretKey </para></description><parameterValue required="true" variableLength="false">System.String</parameterValue></parameter><parameter required="False" variableLength="false" globbing="false" pipelineInput="True (ByPropertyName)" position="Named"><name>SessionToken</name><description><para>Amazon.PowerShell.Common.AWSCommonArgumentsCmdlet.SessionToken </para></description><parameterValue required="true" variableLength="false">System.String</parameterValue></parameter><parameter required="False" variableLength="false" globbing="false" pipelineInput="True (ByPropertyName)" position="Named"><name>ProfileName</name><description><para>Amazon.PowerShell.Common.AWSCommonArgumentsCmdlet.ProfileName </para></description><parameterValue required="true" variableLength="false">System.String</parameterValue></parameter><parameter required="False" variableLength="false" globbing="false" pipelineInput="True (ByPropertyName)" position="Named"><name>ProfileLocation</name><description><para>Amazon.PowerShell.Common.AWSCommonArgumentsCmdlet.ProfileLocation </para></description><parameterValue required="true" variableLength="false">System.String</parameterValue></parameter><parameter required="False" variableLength="false" globbing="false" pipelineInput="True (ByValue, ByPropertyName)" position="Named"><name>Credential</name><description><para>Amazon.PowerShell.Common.AWSCommonArgumentsCmdlet.Credential </para></description><parameterValue required="true" variableLength="false">Amazon.Runtime.AWSCredentials</parameterValue></parameter><parameter required="False" variableLength="false" globbing="false" pipelineInput="True (ByValue, ByPropertyName)" position="Named"><name>NetworkCredential</name><description><para>Amazon.PowerShell.Common.AWSCommonArgumentsCmdlet.NetworkCredential </para></description><parameterValue required="true" variableLength="false">System.Management.Automation.PSCredential</parameterValue></parameter></syntaxItem></syntax><parameters><parameter required="False" variableLength="false" globbing="false" pipelineInput="True (ByPropertyName)" position="Named"><name>AccessKey</name><description><para>Amazon.PowerShell.Common.AWSCommonArgumentsCmdlet.AccessKey </para></description><parameterValue required="true" variableLength="false">System.String</parameterValue><type><name>System.String</name><uri /></type><defaultValue>None</defaultValue></parameter><parameter required="True" variableLength="false" globbing="false" pipelineInput="True (ByValue, ByPropertyName)" position="1"><name>ContactId</name><description><para>The identifier of the contact. </para></description><parameterValue required="true" variableLength="false">System.String</parameterValue><type><name>System.String</name><uri /></type><defaultValue>None</defaultValue></parameter><parameter required="False" variableLength="false" globbing="false" pipelineInput="True (ByValue, ByPropertyName)" position="Named"><name>Credential</name><description><para>Amazon.PowerShell.Common.AWSCommonArgumentsCmdlet.Credential </para></description><parameterValue required="true" variableLength="false">Amazon.Runtime.AWSCredentials</parameterValue><type><name>Amazon.Runtime.AWSCredentials</name><uri /></type><defaultValue>None</defaultValue></parameter><parameter required="False" variableLength="false" globbing="false" pipelineInput="True (ByPropertyName)" position="Named"><name>EndpointUrl</name><description><para>Amazon.PowerShell.Common.ServiceCmdlet.EndpointUrl </para></description><parameterValue required="true" variableLength="false">System.String</parameterValue><type><name>System.String</name><uri /></type><defaultValue>None</defaultValue></parameter><parameter required="True" variableLength="false" globbing="false" pipelineInput="True (ByPropertyName)" position="Named"><name>InstanceId</name><description><para>The identifier of the Amazon Connect instance. </para></description><parameterValue required="true" variableLength="false">System.String</parameterValue><type><name>System.String</name><uri /></type><defaultValue>None</defaultValue></parameter><parameter required="False" variableLength="false" globbing="false" pipelineInput="True (ByPropertyName)" position="Named"><name>MaxResult</name><description><para>The maximimum number of results to return per page. </para></description><parameterValue required="true" variableLength="false">System.Int32</parameterValue><type><name>System.Int32</name><uri /></type><defaultValue>None</defaultValue></parameter><parameter required="False" variableLength="false" globbing="false" pipelineInput="True (ByValue, ByPropertyName)" position="Named"><name>NetworkCredential</name><description><para>Amazon.PowerShell.Common.AWSCommonArgumentsCmdlet.NetworkCredential </para></description><parameterValue required="true" variableLength="false">System.Management.Automation.PSCredential</parameterValue><type><name>System.Management.Automation.PSCredential</name><uri /></type><defaultValue>None</defaultValue></parameter><parameter required="False" variableLength="false" globbing="false" pipelineInput="True (ByPropertyName)" position="Named"><name>NextToken</name><description><para>The token for the next set of results. Use the value returned in the previous response in the next request to retrieve the next set of results. 
<br /><b>Note:</b> This parameter is only used if you are manually controlling output pagination of the service API call. <br />In order to manually control output pagination, use &#39;-NextToken $null&#39; for the first call and &#39;-NextToken $AWSHistory.LastServiceResponse.NextToken&#39; for subsequent calls. </para></description><parameterValue required="true" variableLength="false">System.String</parameterValue><type><name>System.String</name><uri /></type><defaultValue>None</defaultValue></parameter><parameter required="False" variableLength="false" globbing="false" pipelineInput="True (ByPropertyName)" position="Named"><name>NoAutoIteration</name><description><para>By default the cmdlet will auto-iterate and retrieve all results to the pipeline by performing multiple service calls. If set, the cmdlet will retrieve only the next &#39;page&#39; of results using the value of NextToken as the start point. </para></description><parameterValue required="true" variableLength="false">System.Management.Automation.SwitchParameter</parameterValue><type><name>System.Management.Automation.SwitchParameter</name><uri /></type><defaultValue>None</defaultValue></parameter><parameter required="False" variableLength="false" globbing="false" pipelineInput="True (ByPropertyName)" position="Named"><name>PassThru</name><description><para>Changes the cmdlet behavior to return the value passed to the ContactId parameter. The -PassThru parameter is deprecated, use -Select &#39;^ContactId&#39; instead. This parameter will be removed in a future version. </para></description><parameterValue required="true" variableLength="false">System.Management.Automation.SwitchParameter</parameterValue><type><name>System.Management.Automation.SwitchParameter</name><uri /></type><defaultValue>None</defaultValue></parameter><parameter required="False" variableLength="false" globbing="false" pipelineInput="True (ByPropertyName)" position="Named"><name>ProfileLocation</name><description><para>Amazon.PowerShell.Common.AWSCommonArgumentsCmdlet.ProfileLocation </para></description><parameterValue required="true" variableLength="false">System.String</parameterValue><type><name>System.String</name><uri /></type><defaultValue>None</defaultValue></parameter><parameter required="False" variableLength="false" globbing="false" pipelineInput="True (ByPropertyName)" position="Named"><name>ProfileName</name><description><para>Amazon.PowerShell.Common.AWSCommonArgumentsCmdlet.ProfileName </para></description><parameterValue required="true" variableLength="false">System.String</parameterValue><type><name>System.String</name><uri /></type><defaultValue>None</defaultValue></parameter><parameter required="False" variableLength="false" globbing="false" pipelineInput="True (ByPropertyName)" position="Named"><name>Region</name><description><para>Amazon.PowerShell.Common.AWSCommonArgumentsCmdlet.Region </para></description><parameterValue required="true" variableLength="false">System.Object</parameterValue><type><name>System.Object</name><uri /></type><defaultValue>None</defaultValue></parameter><parameter required="False" variableLength="false" globbing="false" pipelineInput="True (ByPropertyName)" position="Named"><name>SecretKey</name><description><para>Amazon.PowerShell.Common.AWSCommonArgumentsCmdlet.SecretKey </para></description><parameterValue required="true" variableLength="false">System.String</parameterValue><type><name>System.String</name><uri /></type><defaultValue>None</defaultValue></parameter><parameter required="False" variableLength="false" globbing="false" pipelineInput="True (ByPropertyName)" position="Named"><name>Select</name><description><para>Use the -Select parameter to control the cmdlet output. The default value is &#39;Segments&#39;. Specifying -Select &#39;*&#39; will result in the cmdlet returning the whole service response (Amazon.ConnectContactLens.Model.ListRealtimeContactAnalysisSegmentsResponse). Specifying the name of a property of type Amazon.ConnectContactLens.Model.ListRealtimeContactAnalysisSegmentsResponse will result in that property being returned. Specifying -Select &#39;^ParameterName&#39; will result in the cmdlet returning the selected cmdlet parameter value. </para></description><parameterValue required="true" variableLength="false">System.String</parameterValue><type><name>System.String</name><uri /></type><defaultValue>None</defaultValue></parameter><parameter required="False" variableLength="false" globbing="false" pipelineInput="True (ByPropertyName)" position="Named"><name>SessionToken</name><description><para>Amazon.PowerShell.Common.AWSCommonArgumentsCmdlet.SessionToken </para></description><parameterValue required="true" variableLength="false">System.String</parameterValue><type><name>System.String</name><uri /></type><defaultValue>None</defaultValue></parameter></parameters><returnValues><returnValue><type><name>Amazon.ConnectContactLens.Model.RealtimeContactAnalysisSegment or Amazon.ConnectContactLens.Model.ListRealtimeContactAnalysisSegmentsResponse</name><uri /><description /></type><description><para>This cmdlet returns a collection of Amazon.ConnectContactLens.Model.RealtimeContactAnalysisSegment objects.
The service call response (type Amazon.ConnectContactLens.Model.ListRealtimeContactAnalysisSegmentsResponse) can also be referenced from properties attached to the cmdlet entry in the $AWSHistory stack.</para></description></returnValue></returnValues><relatedLinks><navigationLink><linkText>Online version:</linkText><uri>http://docs.aws.amazon.com/powershell/latest/reference/index.html?page=Get-CCLRealtimeContactAnalysisSegmentList.html&amp;tocid=Get-CCLRealtimeContactAnalysisSegmentList</uri></navigationLink><navigationLink><linkText>Common credential and region parameters: </linkText><uri>http://docs.aws.amazon.com/powershell/latest/reference/items/pstoolsref-commonparams.html</uri></navigationLink></relatedLinks></command></helpItems>